index,date,name,category,value
1,2020-01-01,Alabama,2,0.0
2,2020-01-01,Alaska,3,0.0
3,2020-01-01,Arizona,4,0.0
4,2020-01-01,Arkansas,5,0.0
5,2020-01-01,California,6,0.0
6,2020-01-01,Colorado,7,0.0
7,2020-01-01,Connecticut,8,0.0
8,2020-01-01,Delaware,9,0.0
9,2020-01-01,District of Columbia,0,0.0
10,2020-01-01,Florida,10,0.0
11,2020-01-01,Georgia,11,0.0
12,2020-01-01,Hawaii,12,0.0
13,2020-01-01,Idaho,13,0.0
14,2020-01-01,Illinois,14,0.0
15,2020-01-01,Indiana,15,0.0
16,2020-01-01,Iowa,16,0.0
17,2020-01-01,Kansas,17,0.0
18,2020-01-01,Kentucky,18,0.0
19,2020-01-01,Louisiana,19,0.0
20,2020-01-01,Maine,20,0.0
21,2020-01-01,Maryland,21,0.0
22,2020-01-01,Massachusetts,22,0.0
23,2020-01-01,Michigan,23,0.0
24,2020-01-01,Minnesota,24,0.0
25,2020-01-01,Mississippi,25,0.0
26,2020-01-01,Missouri,26,0.0
27,2020-01-01,Montana,27,0.0
28,2020-01-01,Nebraska,28,0.0
29,2020-01-01,Nevada,29,0.0
30,2020-01-01,New Hampshire,30,0.0
31,2020-01-01,New Jersey,31,0.0
32,2020-01-01,New Mexico,32,0.0
33,2020-01-01,New York,33,0.0
34,2020-01-01,New York City,1,0.0
35,2020-01-01,North Carolina,34,0.0
36,2020-01-01,North Dakota,35,0.0
37,2020-01-01,Ohio,36,0.0
38,2020-01-01,Oklahoma,37,0.0
39,2020-01-01,Oregon,38,0.0
40,2020-01-01,Pennsylvania,39,0.0
41,2020-01-01,Rhode Island,40,0.0
42,2020-01-01,South Carolina,41,0.0
43,2020-01-01,South Dakota,42,0.0
44,2020-01-01,Tennessee,43,0.0
45,2020-01-01,Texas,44,0.0
46,2020-01-01,Utah,45,0.0
47,2020-01-01,Vermont,46,0.0
48,2020-01-01,Virginia,47,0.0
49,2020-01-01,Washington,48,0.0
50,2020-01-01,West Virginia,49,0.0
51,2020-01-01,Wisconsin,50,0.0
52,2020-01-01,Wyoming,51,0.0
53,2020-02-01,Alabama,2,0.0
54,2020-02-01,Alaska,3,0.0
55,2020-02-01,Arizona,4,0.0
56,2020-02-01,Arkansas,5,0.0
57,2020-02-01,California,6,0.0
58,2020-02-01,Colorado,7,0.0
59,2020-02-01,Connecticut,8,0.0
60,2020-02-01,Delaware,9,0.0
61,2020-02-01,District of Columbia,0,0.0
62,2020-02-01,Florida,10,0.0
63,2020-02-01,Georgia,11,0.0
64,2020-02-01,Hawaii,12,0.0
65,2020-02-01,Idaho,13,0.0
66,2020-02-01,Illinois,14,0.0
67,2020-02-01,Indiana,15,0.0
68,2020-02-01,Iowa,16,0.0
69,2020-02-01,Kansas,17,0.0
70,2020-02-01,Kentucky,18,0.0
71,2020-02-01,Louisiana,19,0.0
72,2020-02-01,Maine,20,0.0
73,2020-02-01,Maryland,21,0.0
74,2020-02-01,Massachusetts,22,0.0
75,2020-02-01,Michigan,23,0.0
76,2020-02-01,Minnesota,24,0.0
77,2020-02-01,Mississippi,25,0.0
78,2020-02-01,Missouri,26,0.0
79,2020-02-01,Montana,27,0.0
80,2020-02-01,Nebraska,28,0.0
81,2020-02-01,Nevada,29,0.0
82,2020-02-01,New Hampshire,30,0.0
83,2020-02-01,New Jersey,31,0.0
84,2020-02-01,New Mexico,32,0.0
85,2020-02-01,New York,33,0.0
86,2020-02-01,New York City,1,0.0
87,2020-02-01,North Carolina,34,0.0
88,2020-02-01,North Dakota,35,0.0
89,2020-02-01,Ohio,36,0.0
90,2020-02-01,Oklahoma,37,0.0
91,2020-02-01,Oregon,38,0.0
92,2020-02-01,Pennsylvania,39,0.0
93,2020-02-01,Rhode Island,40,0.0
94,2020-02-01,South Carolina,41,0.0
95,2020-02-01,South Dakota,42,0.0
96,2020-02-01,Tennessee,43,0.0
97,2020-02-01,Texas,44,0.0
98,2020-02-01,Utah,45,0.0
99,2020-02-01,Vermont,46,0.0
100,2020-02-01,Virginia,47,0.0
101,2020-02-01,Washington,48,0.0
102,2020-02-01,West Virginia,49,0.0
103,2020-02-01,Wisconsin,50,0.0
104,2020-02-01,Wyoming,51,0.0
105,2020-03-01,Alabama,2,129.0
106,2020-03-01,Alaska,3,0.0
107,2020-03-01,Arizona,4,201.0
108,2020-03-01,Arkansas,5,10.0
109,2020-03-01,California,6,1863.0
110,2020-03-01,Colorado,7,703.0
111,2020-03-01,Connecticut,8,508.0
112,2020-03-01,Delaware,9,0.0
113,2020-03-01,District of Columbia,0,64.0
114,2020-03-01,Florida,10,1074.0
115,2020-03-01,Georgia,11,1292.0
116,2020-03-01,Hawaii,12,0.0
117,2020-03-01,Idaho,13,10.0
118,2020-03-01,Illinois,14,1202.0
119,2020-03-01,Indiana,15,711.0
120,2020-03-01,Iowa,16,10.0
121,2020-03-01,Kansas,17,14.0
122,2020-03-01,Kentucky,18,87.0
123,2020-03-01,Louisiana,19,2409.0
124,2020-03-01,Maine,20,0.0
125,2020-03-01,Maryland,21,180.0
126,2020-03-01,Massachusetts,22,673.0
127,2020-03-01,Michigan,23,2842.0
128,2020-03-01,Minnesota,24,44.0
129,2020-03-01,Mississippi,25,96.0
130,2020-03-01,Missouri,26,74.0
131,2020-03-01,Montana,27,0.0
132,2020-03-01,Nebraska,28,0.0
133,2020-03-01,Nevada,29,126.0
134,2020-03-01,New Hampshire,30,10.0
135,2020-03-01,New Jersey,31,4743.0
136,2020-03-01,New Mexico,32,0.0
137,2020-03-01,New York,33,4673.0
138,2020-03-01,New York City,1,13397.0
139,2020-03-01,North Carolina,34,35.0
140,2020-03-01,North Dakota,35,0.0
141,2020-03-01,Ohio,36,465.0
142,2020-03-01,Oklahoma,37,116.0
143,2020-03-01,Oregon,38,79.0
144,2020-03-01,Pennsylvania,39,495.0
145,2020-03-01,Rhode Island,40,0.0
146,2020-03-01,South Carolina,41,120.0
147,2020-03-01,South Dakota,42,0.0
148,2020-03-01,Tennessee,43,127.0
149,2020-03-01,Texas,44,369.0
150,2020-03-01,Utah,45,0.0
151,2020-03-01,Vermont,46,16.0
152,2020-03-01,Virginia,47,188.0
153,2020-03-01,Washington,48,2181.0
154,2020-03-01,West Virginia,49,0.0
155,2020-03-01,Wisconsin,50,117.0
156,2020-03-01,Wyoming,51,0.0
157,2020-04-01,Alabama,2,2000.0
158,2020-04-01,Alaska,3,0.0
159,2020-04-01,Arizona,4,2630.0
160,2020-04-01,Arkansas,5,191.0
161,2020-04-01,California,6,16398.0
162,2020-04-01,Colorado,7,6952.0
163,2020-04-01,Connecticut,8,15468.0
164,2020-04-01,Delaware,9,1156.0
165,2020-04-01,District of Columbia,0,2314.0
166,2020-04-01,Florida,10,10044.0
167,2020-04-01,Georgia,11,7231.0
168,2020-04-01,Hawaii,12,16.0
169,2020-04-01,Idaho,13,218.0
170,2020-04-01,Illinois,14,18349.0
171,2020-04-01,Indiana,15,9115.0
172,2020-04-01,Iowa,16,840.0
173,2020-04-01,Kansas,17,588.0
174,2020-04-01,Kentucky,18,1808.0
175,2020-04-01,Louisiana,19,11727.0
176,2020-04-01,Maine,20,111.0
177,2020-04-01,Maryland,21,9279.0
178,2020-04-01,Massachusetts,22,25506.0
179,2020-04-01,Michigan,23,23674.0
180,2020-04-01,Minnesota,24,2928.0
181,2020-04-01,Mississippi,25,1974.0
182,2020-04-01,Missouri,26,2607.0
183,2020-04-01,Montana,27,11.0
184,2020-04-01,Nebraska,28,356.0
185,2020-04-01,Nevada,29,1619.0
186,2020-04-01,New Hampshire,30,318.0
187,2020-04-01,New Jersey,31,64343.0
188,2020-04-01,New Mexico,32,814.0
189,2020-04-01,New York,33,50114.0
190,2020-04-01,New York City,1,91410.0
191,2020-04-01,North Carolina,34,2700.0
192,2020-04-01,North Dakota,35,36.0
193,2020-04-01,Ohio,36,6861.0
194,2020-04-01,Oklahoma,37,1380.0
195,2020-04-01,Oregon,38,560.0
196,2020-04-01,Pennsylvania,39,24775.0
197,2020-04-01,Rhode Island,40,2279.0
198,2020-04-01,South Carolina,41,1784.0
199,2020-04-01,South Dakota,42,32.0
200,2020-04-01,Tennessee,43,1141.0
201,2020-04-01,Texas,44,6553.0
202,2020-04-01,Utah,45,164.0
203,2020-04-01,Vermont,46,107.0
204,2020-04-01,Virginia,47,4114.0
205,2020-04-01,Washington,48,4427.0
206,2020-04-01,West Virginia,49,153.0
207,2020-04-01,Wisconsin,50,1784.0
208,2020-04-01,Wyoming,51,0.0
209,2020-05-01,Alabama,2,2554.0
210,2020-05-01,Alaska,3,0.0
211,2020-05-01,Arizona,4,3413.0
212,2020-05-01,Arkansas,5,303.0
213,2020-05-01,California,6,18051.0
214,2020-05-01,Colorado,7,3464.0
215,2020-05-01,Connecticut,8,9812.0
216,2020-05-01,Delaware,9,1637.0
217,2020-05-01,District of Columbia,0,2347.0
218,2020-05-01,Florida,10,9314.0
219,2020-05-01,Georgia,11,5554.0
220,2020-05-01,Hawaii,12,0.0
221,2020-05-01,Idaho,13,33.0
222,2020-05-01,Illinois,14,20926.0
223,2020-05-01,Indiana,15,7223.0
224,2020-05-01,Iowa,16,2435.0
225,2020-05-01,Kansas,17,419.0
226,2020-05-01,Kentucky,18,1629.0
227,2020-05-01,Louisiana,19,5292.0
228,2020-05-01,Maine,20,88.0
229,2020-05-01,Maryland,21,11247.0
230,2020-05-01,Massachusetts,22,20061.0
231,2020-05-01,Michigan,23,8709.0
232,2020-05-01,Minnesota,24,5495.0
233,2020-05-01,Mississippi,25,3131.0
234,2020-05-01,Missouri,26,2368.0
235,2020-05-01,Montana,27,0.0
236,2020-05-01,Nebraska,28,530.0
237,2020-05-01,Nevada,29,1029.0
238,2020-05-01,New Hampshire,30,911.0
239,2020-05-01,New Jersey,31,24900.0
240,2020-05-01,New Mexico,32,1323.0
241,2020-05-01,New York,33,19191.0
242,2020-05-01,New York City,1,17515.0
243,2020-05-01,North Carolina,34,3310.0
244,2020-05-01,North Dakota,35,173.0
245,2020-05-01,Ohio,36,7626.0
246,2020-05-01,Oklahoma,37,714.0
247,2020-05-01,Oregon,38,205.0
248,2020-05-01,Pennsylvania,39,19190.0
249,2020-05-01,Rhode Island,40,3196.0
250,2020-05-01,South Carolina,41,2110.0
251,2020-05-01,South Dakota,42,117.0
252,2020-05-01,Tennessee,43,1055.0
253,2020-05-01,Texas,44,7008.0
254,2020-05-01,Utah,45,283.0
255,2020-05-01,Vermont,46,0.0
256,2020-05-01,Virginia,47,4754.0
257,2020-05-01,Washington,48,2037.0
258,2020-05-01,West Virginia,49,121.0
259,2020-05-01,Wisconsin,50,1849.0
260,2020-05-01,Wyoming,51,0.0
261,2020-06-01,Alabama,2,2244.0
262,2020-06-01,Alaska,3,0.0
263,2020-06-01,Arizona,4,6198.0
264,2020-06-01,Arkansas,5,847.0
265,2020-06-01,California,6,16741.0
266,2020-06-01,Colorado,7,1299.0
267,2020-06-01,Connecticut,8,1704.0
268,2020-06-01,Delaware,9,311.0
269,2020-06-01,District of Columbia,0,874.0
270,2020-06-01,Florida,10,8844.0
271,2020-06-01,Georgia,11,3594.0
272,2020-06-01,Hawaii,12,0.0
273,2020-06-01,Idaho,13,11.0
274,2020-06-01,Illinois,14,8247.0
275,2020-06-01,Indiana,15,3385.0
276,2020-06-01,Iowa,16,819.0
277,2020-06-01,Kansas,17,252.0
278,2020-06-01,Kentucky,18,965.0
279,2020-06-01,Louisiana,19,2454.0
280,2020-06-01,Maine,20,14.0
281,2020-06-01,Maryland,21,4956.0
282,2020-06-01,Massachusetts,22,4172.0
283,2020-06-01,Michigan,23,1861.0
284,2020-06-01,Minnesota,24,2508.0
285,2020-06-01,Mississippi,25,2210.0
286,2020-06-01,Missouri,26,898.0
287,2020-06-01,Montana,27,0.0
288,2020-06-01,Nebraska,28,431.0
289,2020-06-01,Nevada,29,453.0
290,2020-06-01,New Hampshire,30,409.0
291,2020-06-01,New Jersey,31,6320.0
292,2020-06-01,New Mexico,32,560.0
293,2020-06-01,New York,33,4471.0
294,2020-06-01,New York City,1,2819.0
295,2020-06-01,North Carolina,34,2984.0
296,2020-06-01,North Dakota,35,20.0
297,2020-06-01,Ohio,36,3736.0
298,2020-06-01,Oklahoma,37,271.0
299,2020-06-01,Oregon,38,216.0
300,2020-06-01,Pennsylvania,39,5515.0
301,2020-06-01,Rhode Island,40,845.0
302,2020-06-01,South Carolina,41,2141.0
303,2020-06-01,South Dakota,42,133.0
304,2020-06-01,Tennessee,43,1058.0
305,2020-06-01,Texas,44,10414.0
306,2020-06-01,Utah,45,244.0
307,2020-06-01,Vermont,46,0.0
308,2020-06-01,Virginia,47,2199.0
309,2020-06-01,Washington,48,973.0
310,2020-06-01,West Virginia,49,13.0
311,2020-06-01,Wisconsin,50,940.0
312,2020-06-01,Wyoming,51,0.0
313,2020-07-01,Alabama,2,5574.0
314,2020-07-01,Alaska,3,12.0
315,2020-07-01,Arizona,4,15084.0
316,2020-07-01,Arkansas,5,1655.0
317,2020-07-01,California,6,31865.0
318,2020-07-01,Colorado,7,1026.0
319,2020-07-01,Connecticut,8,276.0
320,2020-07-01,Delaware,9,127.0
321,2020-07-01,District of Columbia,0,216.0
322,2020-07-01,Florida,10,41089.0
323,2020-07-01,Georgia,11,9305.0
324,2020-07-01,Hawaii,12,0.0
325,2020-07-01,Idaho,13,639.0
326,2020-07-01,Illinois,14,2830.0
327,2020-07-01,Indiana,15,2290.0
328,2020-07-01,Iowa,16,986.0
329,2020-07-01,Kansas,17,578.0
330,2020-07-01,Kentucky,18,1200.0
331,2020-07-01,Louisiana,19,5104.0
332,2020-07-01,Maine,20,36.0
333,2020-07-01,Maryland,21,2067.0
334,2020-07-01,Massachusetts,22,1183.0
335,2020-07-01,Michigan,23,1020.0
336,2020-07-01,Minnesota,24,1006.0
337,2020-07-01,Mississippi,25,5030.0
338,2020-07-01,Missouri,26,1536.0
339,2020-07-01,Montana,27,153.0
340,2020-07-01,Nebraska,28,141.0
341,2020-07-01,Nevada,29,2766.0
342,2020-07-01,New Hampshire,30,64.0
343,2020-07-01,New Jersey,31,2281.0
344,2020-07-01,New Mexico,32,766.0
345,2020-07-01,New York,33,1400.0
346,2020-07-01,New York City,1,1049.0
347,2020-07-01,North Carolina,34,4714.0
348,2020-07-01,North Dakota,35,89.0
349,2020-07-01,Ohio,36,4437.0
350,2020-07-01,Oklahoma,37,1469.0
351,2020-07-01,Oregon,38,451.0
352,2020-07-01,Pennsylvania,39,3101.0
353,2020-07-01,Rhode Island,40,109.0
354,2020-07-01,South Carolina,41,8159.0
355,2020-07-01,South Dakota,42,207.0
356,2020-07-01,Tennessee,43,3847.0
357,2020-07-01,Texas,44,52620.0
358,2020-07-01,Utah,45,714.0
359,2020-07-01,Vermont,46,0.0
360,2020-07-01,Virginia,47,2049.0
361,2020-07-01,Washington,48,2060.0
362,2020-07-01,West Virginia,49,79.0
363,2020-07-01,Wisconsin,50,896.0
364,2020-07-01,Wyoming,51,0.0
365,2020-08-01,Alabama,2,6080.0
366,2020-08-01,Alaska,3,29.0
367,2020-08-01,Arizona,4,6759.0
368,2020-08-01,Arkansas,5,2727.0
369,2020-08-01,California,6,31289.0
370,2020-08-01,Colorado,7,782.0
371,2020-08-01,Connecticut,8,60.0
372,2020-08-01,Delaware,9,31.0
373,2020-08-01,District of Columbia,0,151.0
374,2020-08-01,Florida,10,39207.0
375,2020-08-01,Georgia,11,13095.0
376,2020-08-01,Hawaii,12,260.0
377,2020-08-01,Idaho,13,1080.0
378,2020-08-01,Illinois,14,3095.0
379,2020-08-01,Indiana,15,2814.0
380,2020-08-01,Iowa,16,1771.0
381,2020-08-01,Kansas,17,985.0
382,2020-08-01,Kentucky,18,2209.0
383,2020-08-01,Louisiana,19,6231.0
384,2020-08-01,Maine,20,10.0
385,2020-08-01,Maryland,21,1736.0
386,2020-08-01,Massachusetts,22,607.0
387,2020-08-01,Michigan,23,1385.0
388,2020-08-01,Minnesota,24,1444.0
389,2020-08-01,Mississippi,25,6378.0
390,2020-08-01,Missouri,26,2808.0
391,2020-08-01,Montana,27,242.0
392,2020-08-01,Nebraska,28,468.0
393,2020-08-01,Nevada,29,3613.0
394,2020-08-01,New Hampshire,30,25.0
395,2020-08-01,New Jersey,31,1135.0
396,2020-08-01,New Mexico,32,375.0
397,2020-08-01,New York,33,900.0
398,2020-08-01,New York City,1,439.0
399,2020-08-01,North Carolina,34,6228.0
400,2020-08-01,North Dakota,35,127.0
401,2020-08-01,Ohio,36,5309.0
402,2020-08-01,Oklahoma,37,2557.0
403,2020-08-01,Oregon,38,690.0
404,2020-08-01,Pennsylvania,39,3149.0
405,2020-08-01,Rhode Island,40,131.0
406,2020-08-01,South Carolina,41,8160.0
407,2020-08-01,South Dakota,42,166.0
408,2020-08-01,Tennessee,43,5219.0
409,2020-08-01,Texas,44,39179.0
410,2020-08-01,Utah,45,390.0
411,2020-08-01,Vermont,46,0.0
412,2020-08-01,Virginia,47,2927.0
413,2020-08-01,Washington,48,1980.0
414,2020-08-01,West Virginia,49,557.0
415,2020-08-01,Wisconsin,50,1325.0
416,2020-08-01,Wyoming,51,0.0
417,2020-09-01,Alabama,2,3540.0
418,2020-09-01,Alaska,3,12.0
419,2020-09-01,Arizona,4,1672.0
420,2020-09-01,Arkansas,5,2919.0
421,2020-09-01,California,6,17180.0
422,2020-09-01,Colorado,7,677.0
423,2020-09-01,Connecticut,8,109.0
424,2020-09-01,Delaware,9,67.0
425,2020-09-01,District of Columbia,0,98.0
426,2020-09-01,Florida,10,15377.0
427,2020-09-01,Georgia,11,6712.0
428,2020-09-01,Hawaii,12,648.0
429,2020-09-01,Idaho,13,575.0
430,2020-09-01,Illinois,14,3684.0
431,2020-09-01,Indiana,15,3082.0
432,2020-09-01,Iowa,16,1503.0
433,2020-09-01,Kansas,17,1263.0
434,2020-09-01,Kentucky,18,2158.0
435,2020-09-01,Louisiana,19,2817.0
436,2020-09-01,Maine,20,13.0
437,2020-09-01,Maryland,21,1272.0
438,2020-09-01,Massachusetts,22,466.0
439,2020-09-01,Michigan,23,1264.0
440,2020-09-01,Minnesota,24,1698.0
441,2020-09-01,Mississippi,25,3346.0
442,2020-09-01,Missouri,26,4263.0
443,2020-09-01,Montana,27,480.0
444,2020-09-01,Nebraska,28,722.0
445,2020-09-01,Nevada,29,1510.0
446,2020-09-01,New Hampshire,30,0.0
447,2020-09-01,New Jersey,31,872.0
448,2020-09-01,New Mexico,32,159.0
449,2020-09-01,New York,33,690.0
450,2020-09-01,New York City,1,359.0
451,2020-09-01,North Carolina,34,6533.0
452,2020-09-01,North Dakota,35,537.0
453,2020-09-01,Ohio,36,4438.0
454,2020-09-01,Oklahoma,37,2441.0
455,2020-09-01,Oregon,38,274.0
456,2020-09-01,Pennsylvania,39,2634.0
457,2020-09-01,Rhode Island,40,178.0
458,2020-09-01,South Carolina,41,4756.0
459,2020-09-01,South Dakota,42,680.0
460,2020-09-01,Tennessee,43,5019.0
461,2020-09-01,Texas,44,18422.0
462,2020-09-01,Utah,45,318.0
463,2020-09-01,Vermont,46,0.0
464,2020-09-01,Virginia,47,2905.0
465,2020-09-01,Washington,48,1175.0
466,2020-09-01,West Virginia,49,566.0
467,2020-09-01,Wisconsin,50,1436.0
468,2020-09-01,Wyoming,51,12.0
469,2020-10-01,Alabama,2,3470.0
470,2020-10-01,Alaska,3,84.0
471,2020-10-01,Arizona,4,1622.0
472,2020-10-01,Arkansas,5,4360.0
473,2020-10-01,California,6,11887.0
474,2020-10-01,Colorado,7,1670.0
475,2020-10-01,Connecticut,8,753.0
476,2020-10-01,Delaware,9,415.0
477,2020-10-01,District of Columbia,0,147.0
478,2020-10-01,Florida,10,10439.0
479,2020-10-01,Georgia,11,5399.0
480,2020-10-01,Hawaii,12,239.0
481,2020-10-01,Idaho,13,1160.0
482,2020-10-01,Illinois,14,7615.0
483,2020-10-01,Indiana,15,6835.0
484,2020-10-01,Iowa,16,3601.0
485,2020-10-01,Kansas,17,2858.0
486,2020-10-01,Kentucky,18,4011.0
487,2020-10-01,Louisiana,19,2161.0
488,2020-10-01,Maine,20,10.0
489,2020-10-01,Maryland,21,1720.0
490,2020-10-01,Massachusetts,22,1230.0
491,2020-10-01,Michigan,23,3805.0
492,2020-10-01,Minnesota,24,3884.0
493,2020-10-01,Mississippi,25,2990.0
494,2020-10-01,Missouri,26,7350.0
495,2020-10-01,Montana,27,2092.0
496,2020-10-01,Nebraska,28,2074.0
497,2020-10-01,Nevada,29,1154.0
498,2020-10-01,New Hampshire,30,114.0
499,2020-10-01,New Jersey,31,1878.0
500,2020-10-01,New Mexico,32,939.0
501,2020-10-01,New York,33,1771.0
502,2020-10-01,New York City,1,654.0
503,2020-10-01,North Carolina,34,7122.0
504,2020-10-01,North Dakota,35,2114.0
505,2020-10-01,Ohio,36,6811.0
506,2020-10-01,Oklahoma,37,4473.0
507,2020-10-01,Oregon,38,676.0
508,2020-10-01,Pennsylvania,39,5254.0
509,2020-10-01,Rhode Island,40,553.0
510,2020-10-01,South Carolina,41,3986.0
511,2020-10-01,South Dakota,42,1833.0
512,2020-10-01,Tennessee,43,7048.0
513,2020-10-01,Texas,44,22156.0
514,2020-10-01,Utah,45,1185.0
515,2020-10-01,Vermont,46,0.0
516,2020-10-01,Virginia,47,2967.0
517,2020-10-01,Washington,48,1736.0
518,2020-10-01,West Virginia,49,736.0
519,2020-10-01,Wisconsin,50,7763.0
520,2020-10-01,Wyoming,51,279.0
521,2020-11-01,Alabama,2,4811.0
522,2020-11-01,Alaska,3,247.0
523,2020-11-01,Arizona,4,6332.0
524,2020-11-01,Arkansas,5,5734.0
525,2020-11-01,California,6,21238.0
526,2020-11-01,Colorado,7,8911.0
527,2020-11-01,Connecticut,8,3133.0
528,2020-11-01,Delaware,9,426.0
529,2020-11-01,District of Columbia,0,361.0
530,2020-11-01,Florida,10,13436.0
531,2020-11-01,Georgia,11,7086.0
532,2020-11-01,Hawaii,12,80.0
533,2020-11-01,Idaho,13,2694.0
534,2020-11-01,Illinois,14,23341.0
535,2020-11-01,Indiana,15,16230.0
536,2020-11-01,Iowa,16,11047.0
537,2020-11-01,Kansas,17,6609.0
538,2020-11-01,Kentucky,18,8475.0
539,2020-11-01,Louisiana,19,3517.0
540,2020-11-01,Maine,20,391.0
541,2020-11-01,Maryland,21,4577.0
542,2020-11-01,Massachusetts,22,3138.0
543,2020-11-01,Michigan,23,14432.0
544,2020-11-01,Minnesota,24,12407.0
545,2020-11-01,Mississippi,25,4878.0
546,2020-11-01,Missouri,26,13647.0
547,2020-11-01,Montana,27,3130.0
548,2020-11-01,Nebraska,28,6258.0
549,2020-11-01,Nevada,29,3911.0
550,2020-11-01,New Hampshire,30,224.0
551,2020-11-01,New Jersey,31,7129.0
552,2020-11-01,New Mexico,32,4968.0
553,2020-11-01,New York,33,6167.0
554,2020-11-01,New York City,1,1621.0
555,2020-11-01,North Carolina,34,9464.0
556,2020-11-01,North Dakota,35,3897.0
557,2020-11-01,Ohio,36,21442.0
558,2020-11-01,Oklahoma,37,9720.0
559,2020-11-01,Oregon,38,2171.0
560,2020-11-01,Pennsylvania,39,18230.0
561,2020-11-01,Rhode Island,40,1234.0
562,2020-11-01,South Carolina,41,4284.0
563,2020-11-01,South Dakota,42,5350.0
564,2020-11-01,Tennessee,43,11625.0
565,2020-11-01,Texas,44,41091.0
566,2020-11-01,Utah,45,2868.0
567,2020-11-01,Vermont,46,27.0
568,2020-11-01,Virginia,47,4645.0
569,2020-11-01,Washington,48,3891.0
570,2020-11-01,West Virginia,49,1820.0
571,2020-11-01,Wisconsin,50,16395.0
572,2020-11-01,Wyoming,51,1013.0
573,2020-12-01,Alabama,2,11358.0
574,2020-12-01,Alaska,3,420.0
575,2020-12-01,Arizona,4,22953.0
576,2020-12-01,Arkansas,5,7972.0
577,2020-12-01,California,6,107407.0
578,2020-12-01,Colorado,7,13929.0
579,2020-12-01,Connecticut,8,7527.0
580,2020-12-01,Delaware,9,1844.0
581,2020-12-01,District of Columbia,0,1128.0
582,2020-12-01,Florida,10,24090.0
583,2020-12-01,Georgia,11,13849.0
584,2020-12-01,Hawaii,12,101.0
585,2020-12-01,Idaho,13,3421.0
586,2020-12-01,Illinois,14,30163.0
587,2020-12-01,Indiana,15,24056.0
588,2020-12-01,Iowa,16,9159.0
589,2020-12-01,Kansas,17,9388.0
590,2020-12-01,Kentucky,18,13344.0
591,2020-12-01,Louisiana,19,7636.0
592,2020-12-01,Maine,20,895.0
593,2020-12-01,Maryland,21,11545.0
594,2020-12-01,Massachusetts,22,9573.0
595,2020-12-01,Michigan,23,21833.0
596,2020-12-01,Minnesota,24,15011.0
597,2020-12-01,Mississippi,25,8994.0
598,2020-12-01,Missouri,26,15404.0
599,2020-12-01,Montana,27,2694.0
600,2020-12-01,Nebraska,28,4733.0
601,2020-12-01,Nevada,29,10291.0
602,2020-12-01,New Hampshire,30,1624.0
603,2020-12-01,New Jersey,31,18113.0
604,2020-12-01,New Mexico,32,6479.0
605,2020-12-01,New York,33,21633.0
606,2020-12-01,New York City,1,5779.0
607,2020-12-01,North Carolina,34,17812.0
608,2020-12-01,North Dakota,35,2565.0
609,2020-12-01,Ohio,36,42421.0
610,2020-12-01,Oklahoma,37,15606.0
611,2020-12-01,Oregon,38,4271.0
612,2020-12-01,Pennsylvania,39,45806.0
613,2020-12-01,Rhode Island,40,3398.0
614,2020-12-01,South Carolina,41,9730.0
615,2020-12-01,South Dakota,42,3303.0
616,2020-12-01,Tennessee,43,19901.0
617,2020-12-01,Texas,44,58643.0
618,2020-12-01,Utah,45,3849.0
619,2020-12-01,Vermont,46,328.0
620,2020-12-01,Virginia,47,9889.0
621,2020-12-01,Washington,48,7594.0
622,2020-12-01,West Virginia,49,4928.0
623,2020-12-01,Wisconsin,50,13754.0
624,2020-12-01,Wyoming,51,1195.0
625,2021-01-01,Alabama,2,16198.0
626,2021-01-01,Alaska,3,99.0
627,2021-01-01,Arizona,4,30385.0
628,2021-01-01,Arkansas,5,8503.0
629,2021-01-01,California,6,165988.0
630,2021-01-01,Colorado,7,6293.0
631,2021-01-01,Connecticut,8,7204.0
632,2021-01-01,Delaware,9,2110.0
633,2021-01-01,District of Columbia,0,1481.0
634,2021-01-01,Florida,10,38417.0
635,2021-01-01,Georgia,11,29725.0
636,2021-01-01,Hawaii,12,195.0
637,2021-01-01,Idaho,13,1964.0
638,2021-01-01,Illinois,14,18414.0
639,2021-01-01,Indiana,15,16651.0
640,2021-01-01,Iowa,16,4988.0
641,2021-01-01,Kansas,17,6385.0
642,2021-01-01,Kentucky,18,11638.0
643,2021-01-01,Louisiana,19,9848.0
644,2021-01-01,Maine,20,1091.0
645,2021-01-01,Maryland,21,11241.0
646,2021-01-01,Massachusetts,22,12653.0
647,2021-01-01,Michigan,23,12093.0
648,2021-01-01,Minnesota,24,6770.0
649,2021-01-01,Mississippi,25,11147.0
650,2021-01-01,Missouri,26,11751.0
651,2021-01-01,Montana,27,1215.0
652,2021-01-01,Nebraska,28,2708.0
653,2021-01-01,Nevada,29,9785.0
654,2021-01-01,New Hampshire,30,1994.0
655,2021-01-01,New Jersey,31,19541.0
656,2021-01-01,New Mexico,32,4553.0
657,2021-01-01,New York,33,30406.0
658,2021-01-01,New York City,1,11821.0
659,2021-01-01,North Carolina,34,26506.0
660,2021-01-01,North Dakota,35,548.0
661,2021-01-01,Ohio,36,30321.0
662,2021-01-01,Oklahoma,37,15966.0
663,2021-01-01,Oregon,38,3406.0
664,2021-01-01,Pennsylvania,39,35553.0
665,2021-01-01,Rhode Island,40,2944.0
666,2021-01-01,South Carolina,41,14075.0
667,2021-01-01,South Dakota,42,1316.0
668,2021-01-01,Tennessee,43,20779.0
669,2021-01-01,Texas,44,83648.0
670,2021-01-01,Utah,45,3374.0
671,2021-01-01,Vermont,46,95.0
672,2021-01-01,Virginia,47,14900.0
673,2021-01-01,Washington,48,6832.0
674,2021-01-01,West Virginia,49,4927.0
675,2021-01-01,Wisconsin,50,8411.0
676,2021-01-01,Wyoming,51,605.0
677,2021-02-01,Alabama,2,6488.0
678,2021-02-01,Alaska,3,28.0
679,2021-02-01,Arizona,4,12498.0
680,2021-02-01,Arkansas,5,3508.0
681,2021-02-01,California,6,66813.0
682,2021-02-01,Colorado,7,2739.0
683,2021-02-01,Connecticut,8,3206.0
684,2021-02-01,Delaware,9,773.0
685,2021-02-01,District of Columbia,0,825.0
686,2021-02-01,Florida,10,24237.0
687,2021-02-01,Georgia,11,14170.0
688,2021-02-01,Hawaii,12,59.0
689,2021-02-01,Idaho,13,673.0
690,2021-02-01,Illinois,14,8259.0
691,2021-02-01,Indiana,15,6112.0
692,2021-02-01,Iowa,16,1791.0
693,2021-02-01,Kansas,17,1849.0
694,2021-02-01,Kentucky,18,6624.0
695,2021-02-01,Louisiana,19,4316.0
696,2021-02-01,Maine,20,356.0
697,2021-02-01,Maryland,21,6635.0
698,2021-02-01,Massachusetts,22,6005.0
699,2021-02-01,Michigan,23,4732.0
700,2021-02-01,Minnesota,24,2480.0
701,2021-02-01,Mississippi,25,4753.0
702,2021-02-01,Missouri,26,4387.0
703,2021-02-01,Montana,27,394.0
704,2021-02-01,Nebraska,28,742.0
705,2021-02-01,Nevada,29,4326.0
706,2021-02-01,New Hampshire,30,371.0
707,2021-02-01,New Jersey,31,11433.0
708,2021-02-01,New Mexico,32,1825.0
709,2021-02-01,New York,33,16291.0
710,2021-02-01,New York City,1,11655.0
711,2021-02-01,North Carolina,34,12612.0
712,2021-02-01,North Dakota,35,116.0
713,2021-02-01,Ohio,36,12163.0
714,2021-02-01,Oklahoma,37,6630.0
715,2021-02-01,Oregon,38,1088.0
716,2021-02-01,Pennsylvania,39,14821.0
717,2021-02-01,Rhode Island,40,1111.0
718,2021-02-01,South Carolina,41,7093.0
719,2021-02-01,South Dakota,42,374.0
720,2021-02-01,Tennessee,43,7133.0
721,2021-02-01,Texas,44,46316.0
722,2021-02-01,Utah,45,1135.0
723,2021-02-01,Vermont,46,54.0
724,2021-02-01,Virginia,47,8170.0
725,2021-02-01,Washington,48,3452.0
726,2021-02-01,West Virginia,49,1891.0
727,2021-02-01,Wisconsin,50,3170.0
728,2021-02-01,Wyoming,51,154.0
729,2021-03-01,Alabama,2,2440.0
730,2021-03-01,Alaska,3,16.0
731,2021-03-01,Arizona,4,3645.0
732,2021-03-01,Arkansas,5,1296.0
733,2021-03-01,California,6,20579.0
734,2021-03-01,Colorado,7,1574.0
735,2021-03-01,Connecticut,8,1559.0
736,2021-03-01,Delaware,9,265.0
737,2021-03-01,District of Columbia,0,366.0
738,2021-03-01,Florida,10,14093.0
739,2021-03-01,Georgia,11,6030.0
740,2021-03-01,Hawaii,12,18.0
741,2021-03-01,Idaho,13,466.0
742,2021-03-01,Illinois,14,4164.0
743,2021-03-01,Indiana,15,2416.0
744,2021-03-01,Iowa,16,939.0
745,2021-03-01,Kansas,17,745.0
746,2021-03-01,Kentucky,18,3111.0
747,2021-03-01,Louisiana,19,2062.0
748,2021-03-01,Maine,20,94.0
749,2021-03-01,Maryland,21,3770.0
750,2021-03-01,Massachusetts,22,3116.0
751,2021-03-01,Michigan,23,3966.0
752,2021-03-01,Minnesota,24,1525.0
753,2021-03-01,Mississippi,25,2137.0
754,2021-03-01,Missouri,26,2051.0
755,2021-03-01,Montana,27,239.0
756,2021-03-01,Nebraska,28,380.0
757,2021-03-01,Nevada,29,1605.0
758,2021-03-01,New Hampshire,30,190.0
759,2021-03-01,New Jersey,31,8189.0
760,2021-03-01,New Mexico,32,782.0
761,2021-03-01,New York,33,8442.0
762,2021-03-01,New York City,1,9520.0
763,2021-03-01,North Carolina,34,4905.0
764,2021-03-01,North Dakota,35,37.0
765,2021-03-01,Ohio,36,5678.0
766,2021-03-01,Oklahoma,37,2313.0
767,2021-03-01,Oregon,38,673.0
768,2021-03-01,Pennsylvania,39,7773.0
769,2021-03-01,Rhode Island,40,395.0
770,2021-03-01,South Carolina,41,3077.0
771,2021-03-01,South Dakota,42,114.0
772,2021-03-01,Tennessee,43,4173.0
773,2021-03-01,Texas,44,21186.0
774,2021-03-01,Utah,45,518.0
775,2021-03-01,Vermont,46,47.0
776,2021-03-01,Virginia,47,3762.0
777,2021-03-01,Washington,48,1561.0
778,2021-03-01,West Virginia,49,613.0
779,2021-03-01,Wisconsin,50,1203.0
780,2021-03-01,Wyoming,51,16.0
781,2021-04-01,Alabama,2,1159.0
782,2021-04-01,Alaska,3,27.0
783,2021-04-01,Arizona,4,1393.0
784,2021-04-01,Arkansas,5,368.0
785,2021-04-01,California,6,8767.0
786,2021-04-01,Colorado,7,1428.0
787,2021-04-01,Connecticut,8,1135.0
788,2021-04-01,Delaware,9,284.0
789,2021-04-01,District of Columbia,0,217.0
790,2021-04-01,Florida,10,11455.0
791,2021-04-01,Georgia,11,3803.0
792,2021-04-01,Hawaii,12,14.0
793,2021-04-01,Idaho,13,516.0
794,2021-04-01,Illinois,14,5584.0
795,2021-04-01,Indiana,15,2094.0
796,2021-04-01,Iowa,16,567.0
797,2021-04-01,Kansas,17,355.0
798,2021-04-01,Kentucky,18,1816.0
799,2021-04-01,Louisiana,19,942.0
800,2021-04-01,Maine,20,145.0
801,2021-04-01,Maryland,21,4010.0
802,2021-04-01,Massachusetts,22,1781.0
803,2021-04-01,Michigan,23,11671.0
804,2021-04-01,Minnesota,24,2129.0
805,2021-04-01,Mississippi,25,1103.0
806,2021-04-01,Missouri,26,1221.0
807,2021-04-01,Montana,27,112.0
808,2021-04-01,Nebraska,28,270.0
809,2021-04-01,Nevada,29,1126.0
810,2021-04-01,New Hampshire,30,117.0
811,2021-04-01,New Jersey,31,8235.0
812,2021-04-01,New Mexico,32,301.0
813,2021-04-01,New York,33,6465.0
814,2021-04-01,New York City,1,6571.0
815,2021-04-01,North Carolina,34,3546.0
816,2021-04-01,North Dakota,35,115.0
817,2021-04-01,Ohio,36,4722.0
818,2021-04-01,Oklahoma,37,1051.0
819,2021-04-01,Oregon,38,629.0
820,2021-04-01,Pennsylvania,39,9548.0
821,2021-04-01,Rhode Island,40,212.0
822,2021-04-01,South Carolina,41,1873.0
823,2021-04-01,South Dakota,42,138.0
824,2021-04-01,Tennessee,43,3563.0
825,2021-04-01,Texas,44,11397.0
826,2021-04-01,Utah,45,262.0
827,2021-04-01,Vermont,46,28.0
828,2021-04-01,Virginia,47,2794.0
829,2021-04-01,Washington,48,1753.0
830,2021-04-01,West Virginia,49,712.0
831,2021-04-01,Wisconsin,50,1314.0
832,2021-04-01,Wyoming,51,0.0
833,2021-05-01,Alabama,2,1204.0
834,2021-05-01,Alaska,3,74.0
835,2021-05-01,Arizona,4,1566.0
836,2021-05-01,Arkansas,5,444.0
837,2021-05-01,California,6,5926.0
838,2021-05-01,Colorado,7,2459.0
839,2021-05-01,Connecticut,8,618.0
840,2021-05-01,Delaware,9,114.0
841,2021-05-01,District of Columbia,0,166.0
842,2021-05-01,Florida,10,10174.0
843,2021-05-01,Georgia,11,2671.0
844,2021-05-01,Hawaii,12,59.0
845,2021-05-01,Idaho,13,349.0
846,2021-05-01,Illinois,14,5691.0
847,2021-05-01,Indiana,15,2667.0
848,2021-05-01,Iowa,16,507.0
849,2021-05-01,Kansas,17,349.0
850,2021-05-01,Kentucky,18,1794.0
851,2021-05-01,Louisiana,19,1003.0
852,2021-05-01,Maine,20,177.0
853,2021-05-01,Maryland,21,2419.0
854,2021-05-01,Massachusetts,22,1236.0
855,2021-05-01,Michigan,23,9175.0
856,2021-05-01,Minnesota,24,1754.0
857,2021-05-01,Mississippi,25,1101.0
858,2021-05-01,Missouri,26,1188.0
859,2021-05-01,Montana,27,108.0
860,2021-05-01,Nebraska,28,256.0
861,2021-05-01,Nevada,29,712.0
862,2021-05-01,New Hampshire,30,93.0
863,2021-05-01,New Jersey,31,3916.0
864,2021-05-01,New Mexico,32,356.0
865,2021-05-01,New York,33,3751.0
866,2021-05-01,New York City,1,2834.0
867,2021-05-01,North Carolina,34,3785.0
868,2021-05-01,North Dakota,35,100.0
869,2021-05-01,Ohio,36,3811.0
870,2021-05-01,Oklahoma,37,781.0
871,2021-05-01,Oregon,38,1400.0
872,2021-05-01,Pennsylvania,39,6717.0
873,2021-05-01,Rhode Island,40,115.0
874,2021-05-01,South Carolina,41,1342.0
875,2021-05-01,South Dakota,42,107.0
876,2021-05-01,Tennessee,43,2971.0
877,2021-05-01,Texas,44,9439.0
878,2021-05-01,Utah,45,207.0
879,2021-05-01,Vermont,46,0.0
880,2021-05-01,Virginia,47,2049.0
881,2021-05-01,Washington,48,2247.0
882,2021-05-01,West Virginia,49,775.0
883,2021-05-01,Wisconsin,50,1141.0
884,2021-05-01,Wyoming,51,37.0
885,2021-06-01,Alabama,2,671.0
886,2021-06-01,Alaska,3,0.0
887,2021-06-01,Arizona,4,1087.0
888,2021-06-01,Arkansas,5,649.0
889,2021-06-01,California,6,3523.0
890,2021-06-01,Colorado,7,1498.0
891,2021-06-01,Connecticut,8,58.0
892,2021-06-01,Delaware,9,47.0
893,2021-06-01,District of Columbia,0,23.0
894,2021-06-01,Florida,10,6258.0
895,2021-06-01,Georgia,11,1496.0
896,2021-06-01,Hawaii,12,13.0
897,2021-06-01,Idaho,13,190.0
898,2021-06-01,Illinois,14,2362.0
899,2021-06-01,Indiana,15,1384.0
900,2021-06-01,Iowa,16,187.0
901,2021-06-01,Kansas,17,188.0
902,2021-06-01,Kentucky,18,1035.0
903,2021-06-01,Louisiana,19,679.0
904,2021-06-01,Maine,20,31.0
905,2021-06-01,Maryland,21,669.0
906,2021-06-01,Massachusetts,22,426.0
907,2021-06-01,Michigan,23,2258.0
908,2021-06-01,Minnesota,24,706.0
909,2021-06-01,Mississippi,25,542.0
910,2021-06-01,Missouri,26,1629.0
911,2021-06-01,Montana,27,101.0
912,2021-06-01,Nebraska,28,50.0
913,2021-06-01,Nevada,29,789.0
914,2021-06-01,New Hampshire,30,28.0
915,2021-06-01,New Jersey,31,1054.0
916,2021-06-01,New Mexico,32,202.0
917,2021-06-01,New York,33,1461.0
918,2021-06-01,New York City,1,718.0
919,2021-06-01,North Carolina,34,1662.0
920,2021-06-01,North Dakota,35,51.0
921,2021-06-01,Ohio,36,2425.0
922,2021-06-01,Oklahoma,37,587.0
923,2021-06-01,Oregon,38,585.0
924,2021-06-01,Pennsylvania,39,2433.0
925,2021-06-01,Rhode Island,40,30.0
926,2021-06-01,South Carolina,41,634.0
927,2021-06-01,South Dakota,42,25.0
928,2021-06-01,Tennessee,43,1307.0
929,2021-06-01,Texas,44,5952.0
930,2021-06-01,Utah,45,252.0
931,2021-06-01,Vermont,46,0.0
932,2021-06-01,Virginia,47,775.0
933,2021-06-01,Washington,48,1552.0
934,2021-06-01,West Virginia,49,322.0
935,2021-06-01,Wisconsin,50,324.0
936,2021-06-01,Wyoming,51,49.0
937,2021-07-01,Alabama,2,1423.0
938,2021-07-01,Alaska,3,66.0
939,2021-07-01,Arizona,4,1904.0
940,2021-07-01,Arkansas,5,2850.0
941,2021-07-01,California,6,6874.0
942,2021-07-01,Colorado,7,1547.0
943,2021-07-01,Connecticut,8,36.0
944,2021-07-01,Delaware,9,27.0
945,2021-07-01,District of Columbia,0,27.0
946,2021-07-01,Florida,10,14947.0
947,2021-07-01,Georgia,11,1943.0
948,2021-07-01,Hawaii,12,42.0
949,2021-07-01,Idaho,13,244.0
950,2021-07-01,Illinois,14,1416.0
951,2021-07-01,Indiana,15,1126.0
952,2021-07-01,Iowa,16,255.0
953,2021-07-01,Kansas,17,686.0
954,2021-07-01,Kentucky,18,1433.0
955,2021-07-01,Louisiana,19,2031.0
956,2021-07-01,Maine,20,14.0
957,2021-07-01,Maryland,21,336.0
958,2021-07-01,Massachusetts,22,298.0
959,2021-07-01,Michigan,23,585.0
960,2021-07-01,Minnesota,24,291.0
961,2021-07-01,Mississippi,25,1448.0
962,2021-07-01,Missouri,26,5013.0
963,2021-07-01,Montana,27,228.0
964,2021-07-01,Nebraska,28,175.0
965,2021-07-01,Nevada,29,2683.0
966,2021-07-01,New Hampshire,30,11.0
967,2021-07-01,New Jersey,31,842.0
968,2021-07-01,New Mexico,32,132.0
969,2021-07-01,New York,33,725.0
970,2021-07-01,New York City,1,419.0
971,2021-07-01,North Carolina,34,1989.0
972,2021-07-01,North Dakota,35,12.0
973,2021-07-01,Ohio,36,1317.0
974,2021-07-01,Oklahoma,37,1495.0
975,2021-07-01,Oregon,38,519.0
976,2021-07-01,Pennsylvania,39,1149.0
977,2021-07-01,Rhode Island,40,0.0
978,2021-07-01,South Carolina,41,638.0
979,2021-07-01,South Dakota,42,13.0
980,2021-07-01,Tennessee,43,1514.0
981,2021-07-01,Texas,44,10180.0
982,2021-07-01,Utah,45,618.0
983,2021-07-01,Vermont,46,0.0
984,2021-07-01,Virginia,47,611.0
985,2021-07-01,Washington,48,1144.0
986,2021-07-01,West Virginia,49,124.0
987,2021-07-01,Wisconsin,50,304.0
988,2021-07-01,Wyoming,51,133.0
989,2021-08-01,Alabama,2,10633.0
990,2021-08-01,Alaska,3,471.0
991,2021-08-01,Arizona,4,5596.0
992,2021-08-01,Arkansas,5,7071.0
993,2021-08-01,California,6,28462.0
994,2021-08-01,Colorado,7,2606.0
995,2021-08-01,Connecticut,8,646.0
996,2021-08-01,Delaware,9,183.0
997,2021-08-01,District of Columbia,0,173.0
998,2021-08-01,Florida,10,77645.0
999,2021-08-01,Georgia,11,18567.0
1000,2021-08-01,Hawaii,12,792.0
1001,2021-08-01,Idaho,13,1509.0
1002,2021-08-01,Illinois,14,5334.0
1003,2021-08-01,Indiana,15,4877.0
1004,2021-08-01,Iowa,16,1129.0
1005,2021-08-01,Kansas,17,2729.0
1006,2021-08-01,Kentucky,18,7436.0
1007,2021-08-01,Louisiana,19,12382.0
1008,2021-08-01,Maine,20,126.0
1009,2021-08-01,Maryland,21,1368.0
1010,2021-08-01,Massachusetts,22,1046.0
1011,2021-08-01,Michigan,23,2541.0
1012,2021-08-01,Minnesota,24,1136.0
1013,2021-08-01,Mississippi,25,9300.0
1014,2021-08-01,Missouri,26,9700.0
1015,2021-08-01,Montana,27,917.0
1016,2021-08-01,Nebraska,28,938.0
1017,2021-08-01,Nevada,29,5562.0
1018,2021-08-01,New Hampshire,30,122.0
1019,2021-08-01,New Jersey,31,2591.0
1020,2021-08-01,New Mexico,32,1282.0
1021,2021-08-01,New York,33,3075.0
1022,2021-08-01,New York City,1,1564.0
1023,2021-08-01,North Carolina,34,12037.0
1024,2021-08-01,North Dakota,35,97.0
1025,2021-08-01,Ohio,36,5634.0
1026,2021-08-01,Oklahoma,37,8080.0
1027,2021-08-01,Oregon,38,4254.0
1028,2021-08-01,Pennsylvania,39,4256.0
1029,2021-08-01,Rhode Island,40,117.0
1030,2021-08-01,South Carolina,41,7756.0
1031,2021-08-01,South Dakota,42,100.0
1032,2021-08-01,Tennessee,43,11783.0
1033,2021-08-01,Texas,44,55067.0
1034,2021-08-01,Utah,45,1600.0
1035,2021-08-01,Vermont,46,27.0
1036,2021-08-01,Virginia,47,3156.0
1037,2021-08-01,Washington,48,5477.0
1038,2021-08-01,West Virginia,49,1392.0
1039,2021-08-01,Wisconsin,50,2309.0
1040,2021-08-01,Wyoming,51,376.0
1041,2021-09-01,Alabama,2,13106.0
1042,2021-09-01,Alaska,3,1002.0
1043,2021-09-01,Arizona,4,8541.0
1044,2021-09-01,Arkansas,5,5399.0
1045,2021-09-01,California,6,36745.0
1046,2021-09-01,Colorado,7,4345.0
1047,2021-09-01,Connecticut,8,1026.0
1048,2021-09-01,Delaware,9,754.0
1049,2021-09-01,District of Columbia,0,160.0
1050,2021-09-01,Florida,10,63286.0
1051,2021-09-01,Georgia,11,27003.0
1052,2021-09-01,Hawaii,12,1483.0
1053,2021-09-01,Idaho,13,4749.0
1054,2021-09-01,Illinois,14,8340.0
1055,2021-09-01,Indiana,15,10374.0
1056,2021-09-01,Iowa,16,2621.0
1057,2021-09-01,Kansas,17,3113.0
1058,2021-09-01,Kentucky,18,15351.0
1059,2021-09-01,Louisiana,19,8467.0
1060,2021-09-01,Maine,20,518.0
1061,2021-09-01,Maryland,21,3477.0
1062,2021-09-01,Massachusetts,22,2499.0
1063,2021-09-01,Michigan,23,5855.0
1064,2021-09-01,Minnesota,24,2869.0
1065,2021-09-01,Mississippi,25,8536.0
1066,2021-09-01,Missouri,26,7098.0
1067,2021-09-01,Montana,27,2075.0
1068,2021-09-01,Nebraska,28,1185.0
1069,2021-09-01,Nevada,29,5831.0
1070,2021-09-01,New Hampshire,30,242.0
1071,2021-09-01,New Jersey,31,4357.0
1072,2021-09-01,New Mexico,32,1839.0
1073,2021-09-01,New York,33,5872.0
1074,2021-09-01,New York City,1,2095.0
1075,2021-09-01,North Carolina,34,19719.0
1076,2021-09-01,North Dakota,35,386.0
1077,2021-09-01,Ohio,36,17598.0
1078,2021-09-01,Oklahoma,37,10161.0
1079,2021-09-01,Oregon,38,7097.0
1080,2021-09-01,Pennsylvania,39,10158.0
1081,2021-09-01,Rhode Island,40,251.0
1082,2021-09-01,South Carolina,41,13722.0
1083,2021-09-01,South Dakota,42,819.0
1084,2021-09-01,Tennessee,43,22058.0
1085,2021-09-01,Texas,44,67448.0
1086,2021-09-01,Utah,45,2344.0
1087,2021-09-01,Vermont,46,152.0
1088,2021-09-01,Virginia,47,8122.0
1089,2021-09-01,Washington,48,10290.0
1090,2021-09-01,West Virginia,49,4962.0
1091,2021-09-01,Wisconsin,50,5088.0
1092,2021-09-01,Wyoming,51,915.0
1093,2021-10-01,Alabama,2,5652.0
1094,2021-10-01,Alaska,3,1189.0
1095,2021-10-01,Arizona,4,8142.0
1096,2021-10-01,Arkansas,5,2962.0
1097,2021-10-01,California,6,23937.0
1098,2021-10-01,Colorado,7,7035.0
1099,2021-10-01,Connecticut,8,778.0
1100,2021-10-01,Delaware,9,576.0
1101,2021-10-01,District of Columbia,0,106.0
1102,2021-10-01,Florida,10,20399.0
1103,2021-10-01,Georgia,11,11189.0
1104,2021-10-01,Hawaii,12,398.0
1105,2021-10-01,Idaho,13,5075.0
1106,2021-10-01,Illinois,14,6672.0
1107,2021-10-01,Indiana,15,8201.0
1108,2021-10-01,Iowa,16,3318.0
1109,2021-10-01,Kansas,17,2152.0
1110,2021-10-01,Kentucky,18,10150.0
1111,2021-10-01,Louisiana,19,2777.0
1112,2021-10-01,Maine,20,648.0
1113,2021-10-01,Maryland,21,3788.0
1114,2021-10-01,Massachusetts,22,2224.0
1115,2021-10-01,Michigan,23,9434.0
1116,2021-10-01,Minnesota,24,4873.0
1117,2021-10-01,Mississippi,25,2895.0
1118,2021-10-01,Missouri,26,4367.0
1119,2021-10-01,Montana,27,3507.0
1120,2021-10-01,Nebraska,28,1840.0
1121,2021-10-01,Nevada,29,4079.0
1122,2021-10-01,New Hampshire,30,522.0
1123,2021-10-01,New Jersey,31,4098.0
1124,2021-10-01,New Mexico,32,2006.0
1125,2021-10-01,New York,33,6925.0
1126,2021-10-01,New York City,1,1475.0
1127,2021-10-01,North Carolina,34,11943.0
1128,2021-10-01,North Dakota,35,1425.0
1129,2021-10-01,Ohio,36,20040.0
1130,2021-10-01,Oklahoma,37,5051.0
1131,2021-10-01,Oregon,38,4834.0
1132,2021-10-01,Pennsylvania,39,17161.0
1133,2021-10-01,Rhode Island,40,183.0
1134,2021-10-01,South Carolina,41,7231.0
1135,2021-10-01,South Dakota,42,834.0
1136,2021-10-01,Tennessee,43,11694.0
1137,2021-10-01,Texas,44,34917.0
1138,2021-10-01,Utah,45,2683.0
1139,2021-10-01,Vermont,46,135.0
1140,2021-10-01,Virginia,47,6991.0
1141,2021-10-01,Washington,48,7401.0
1142,2021-10-01,West Virginia,49,4680.0
1143,2021-10-01,Wisconsin,50,5762.0
1144,2021-10-01,Wyoming,51,1346.0
1145,2021-11-01,Alabama,2,1750.0
1146,2021-11-01,Alaska,3,558.0
1147,2021-11-01,Arizona,4,11650.0
1148,2021-11-01,Arkansas,5,1479.0
1149,2021-11-01,California,6,20684.0
1150,2021-11-01,Colorado,7,10042.0
1151,2021-11-01,Connecticut,8,916.0
1152,2021-11-01,Delaware,9,477.0
1153,2021-11-01,District of Columbia,0,44.0
1154,2021-11-01,Florida,10,6814.0
1155,2021-11-01,Georgia,11,3870.0
1156,2021-11-01,Hawaii,12,126.0
1157,2021-11-01,Idaho,13,2382.0
1158,2021-11-01,Illinois,14,6321.0
1159,2021-11-01,Indiana,15,6886.0
1160,2021-11-01,Iowa,16,2841.0
1161,2021-11-01,Kansas,17,2341.0
1162,2021-11-01,Kentucky,18,4546.0
1163,2021-11-01,Louisiana,19,1021.0
1164,2021-11-01,Maine,20,1025.0
1165,2021-11-01,Maryland,21,2475.0
1166,2021-11-01,Massachusetts,22,2660.0
1167,2021-11-01,Michigan,23,15636.0
1168,2021-11-01,Minnesota,24,7443.0
1169,2021-11-01,Mississippi,25,1221.0
1170,2021-11-01,Missouri,26,3644.0
1171,2021-11-01,Montana,27,2419.0
1172,2021-11-01,Nebraska,28,1719.0
1173,2021-11-01,Nevada,29,3374.0
1174,2021-11-01,New Hampshire,30,871.0
1175,2021-11-01,New Jersey,31,2937.0
1176,2021-11-01,New Mexico,32,3586.0
1177,2021-11-01,New York,33,7451.0
1178,2021-11-01,New York City,1,1313.0
1179,2021-11-01,North Carolina,34,4999.0
1180,2021-11-01,North Dakota,35,1261.0
1181,2021-11-01,Ohio,36,16551.0
1182,2021-11-01,Oklahoma,37,3244.0
1183,2021-11-01,Oregon,38,2859.0
1184,2021-11-01,Pennsylvania,39,18074.0
1185,2021-11-01,Rhode Island,40,283.0
1186,2021-11-01,South Carolina,41,2919.0
1187,2021-11-01,South Dakota,42,1031.0
1188,2021-11-01,Tennessee,43,4885.0
1189,2021-11-01,Texas,44,15151.0
1190,2021-11-01,Utah,45,2326.0
1191,2021-11-01,Vermont,46,124.0
1192,2021-11-01,Virginia,47,3778.0
1193,2021-11-01,Washington,48,5871.0
1194,2021-11-01,West Virginia,49,3217.0
1195,2021-11-01,Wisconsin,50,6977.0
1196,2021-11-01,Wyoming,51,889.0
1197,2021-12-01,Alabama,2,1819.0
1198,2021-12-01,Alaska,3,178.0
1199,2021-12-01,Arizona,4,16233.0
1200,2021-12-01,Arkansas,5,2426.0
1201,2021-12-01,California,6,19964.0
1202,2021-12-01,Colorado,7,9472.0
1203,2021-12-01,Connecticut,8,2405.0
1204,2021-12-01,Delaware,9,886.0
1205,2021-12-01,District of Columbia,0,248.0
1206,2021-12-01,Florida,10,6498.0
1207,2021-12-01,Georgia,11,4085.0
1208,2021-12-01,Hawaii,12,104.0
1209,2021-12-01,Idaho,13,1550.0
1210,2021-12-01,Illinois,14,15416.0
1211,2021-12-01,Indiana,15,14251.0
1212,2021-12-01,Iowa,16,4145.0
1213,2021-12-01,Kansas,17,3799.0
1214,2021-12-01,Kentucky,18,7849.0
1215,2021-12-01,Louisiana,19,993.0
1216,2021-12-01,Maine,20,1429.0
1217,2021-12-01,Maryland,21,5935.0
1218,2021-12-01,Massachusetts,22,5958.0
1219,2021-12-01,Michigan,23,23789.0
1220,2021-12-01,Minnesota,24,9407.0
1221,2021-12-01,Mississippi,25,1661.0
1222,2021-12-01,Missouri,26,7654.0
1223,2021-12-01,Montana,27,958.0
1224,2021-12-01,Nebraska,28,2504.0
1225,2021-12-01,Nevada,29,3593.0
1226,2021-12-01,New Hampshire,30,1847.0
1227,2021-12-01,New Jersey,31,6784.0
1228,2021-12-01,New Mexico,32,4845.0
1229,2021-12-01,New York,33,13429.0
1230,2021-12-01,New York City,1,3305.0
1231,2021-12-01,North Carolina,34,7282.0
1232,2021-12-01,North Dakota,35,774.0
1233,2021-12-01,Ohio,36,30488.0
1234,2021-12-01,Oklahoma,37,4594.0
1235,2021-12-01,Oregon,38,2302.0
1236,2021-12-01,Pennsylvania,39,27361.0
1237,2021-12-01,Rhode Island,40,1042.0
1238,2021-12-01,South Carolina,41,2970.0
1239,2021-12-01,South Dakota,42,1350.0
1240,2021-12-01,Tennessee,43,6496.0
1241,2021-12-01,Texas,44,17737.0
1242,2021-12-01,Utah,45,1971.0
1243,2021-12-01,Vermont,46,262.0
1244,2021-12-01,Virginia,47,6132.0
1245,2021-12-01,Washington,48,4402.0
1246,2021-12-01,West Virginia,49,2971.0
1247,2021-12-01,Wisconsin,50,10690.0
1248,2021-12-01,Wyoming,51,400.0
1249,2022-01-01,Alabama,2,8706.0
1250,2022-01-01,Alaska,3,254.0
1251,2022-01-01,Arizona,4,15323.0
1252,2022-01-01,Arkansas,5,5976.0
1253,2022-01-01,California,6,57981.0
1254,2022-01-01,Colorado,7,9093.0
1255,2022-01-01,Connecticut,8,7077.0
1256,2022-01-01,Delaware,9,2194.0
1257,2022-01-01,District of Columbia,0,1324.0
1258,2022-01-01,Florida,10,35882.0
1259,2022-01-01,Georgia,11,18280.0
1260,2022-01-01,Hawaii,12,872.0
1261,2022-01-01,Idaho,13,1884.0
1262,2022-01-01,Illinois,14,29745.0
1263,2022-01-01,Indiana,15,17835.0
1264,2022-01-01,Iowa,16,5248.0
1265,2022-01-01,Kansas,17,6404.0
1266,2022-01-01,Kentucky,18,12797.0
1267,2022-01-01,Louisiana,19,6794.0
1268,2022-01-01,Maine,20,1350.0
1269,2022-01-01,Maryland,21,14659.0
1270,2022-01-01,Massachusetts,22,12380.0
1271,2022-01-01,Michigan,23,20042.0
1272,2022-01-01,Minnesota,24,8079.0
1273,2022-01-01,Mississippi,25,8486.0
1274,2022-01-01,Missouri,26,14170.0
1275,2022-01-01,Montana,27,1258.0
1276,2022-01-01,Nebraska,28,2962.0
1277,2022-01-01,Nevada,29,7819.0
1278,2022-01-01,New Hampshire,30,1656.0
1279,2022-01-01,New Jersey,31,24438.0
1280,2022-01-01,New Mexico,32,4476.0
1281,2022-01-01,New York,33,22562.0
1282,2022-01-01,New York City,1,17074.0
1283,2022-01-01,North Carolina,34,18706.0
1284,2022-01-01,North Dakota,35,829.0
1285,2022-01-01,Ohio,36,37057.0
1286,2022-01-01,Oklahoma,37,11957.0
1287,2022-01-01,Oregon,38,4506.0
1288,2022-01-01,Pennsylvania,39,34499.0
1289,2022-01-01,Rhode Island,40,2200.0
1290,2022-01-01,South Carolina,41,12755.0
1291,2022-01-01,South Dakota,42,1421.0
1292,2022-01-01,Tennessee,43,16230.0
1293,2022-01-01,Texas,44,51562.0
1294,2022-01-01,Utah,45,2846.0
1295,2022-01-01,Vermont,46,359.0
1296,2022-01-01,Virginia,47,14572.0
1297,2022-01-01,Washington,48,10198.0
1298,2022-01-01,West Virginia,49,4546.0
1299,2022-01-01,Wisconsin,50,11883.0
1300,2022-01-01,Wyoming,51,401.0
1301,2022-02-01,Alabama,2,8970.0
1302,2022-02-01,Alaska,3,331.0
1303,2022-02-01,Arizona,4,10232.0
1304,2022-02-01,Arkansas,5,6117.0
1305,2022-02-01,California,6,43691.0
1306,2022-02-01,Colorado,7,5538.0
1307,2022-02-01,Connecticut,8,2410.0
1308,2022-02-01,Delaware,9,905.0
1309,2022-02-01,District of Columbia,0,379.0
1310,2022-02-01,Florida,10,27676.0
1311,2022-02-01,Georgia,11,12376.0
1312,2022-02-01,Hawaii,12,545.0
1313,2022-02-01,Idaho,13,2315.0
1314,2022-02-01,Illinois,14,10943.0
1315,2022-02-01,Indiana,15,9115.0
1316,2022-02-01,Iowa,16,3099.0
1317,2022-02-01,Kansas,17,3787.0
1318,2022-02-01,Kentucky,18,10877.0
1319,2022-02-01,Louisiana,19,5899.0
1320,2022-02-01,Maine,20,853.0
1321,2022-02-01,Maryland,21,4626.0
1322,2022-02-01,Massachusetts,22,4882.0
1323,2022-02-01,Michigan,23,9208.0
1324,2022-02-01,Minnesota,24,4809.0
1325,2022-02-01,Mississippi,25,7123.0
1326,2022-02-01,Missouri,26,8267.0
1327,2022-02-01,Montana,27,1509.0
1328,2022-02-01,Nebraska,28,2065.0
1329,2022-02-01,Nevada,29,5541.0
1330,2022-02-01,New Hampshire,30,776.0
1331,2022-02-01,New Jersey,31,7070.0
1332,2022-02-01,New Mexico,32,2495.0
1333,2022-02-01,New York,33,9878.0
1334,2022-02-01,New York City,1,5188.0
1335,2022-02-01,North Carolina,34,14978.0
1336,2022-02-01,North Dakota,35,800.0
1337,2022-02-01,Ohio,36,16158.0
1338,2022-02-01,Oklahoma,37,9949.0
1339,2022-02-01,Oregon,38,4997.0
1340,2022-02-01,Pennsylvania,39,15220.0
1341,2022-02-01,Rhode Island,40,791.0
1342,2022-02-01,South Carolina,41,10793.0
1343,2022-02-01,South Dakota,42,996.0
1344,2022-02-01,Tennessee,43,13629.0
1345,2022-02-01,Texas,44,39115.0
1346,2022-02-01,Utah,45,1921.0
1347,2022-02-01,Vermont,46,256.0
1348,2022-02-01,Virginia,47,8702.0
1349,2022-02-01,Washington,48,7446.0
1350,2022-02-01,West Virginia,49,4024.0
1351,2022-02-01,Wisconsin,50,5017.0
1352,2022-02-01,Wyoming,51,386.0
1353,2022-03-01,Alabama,2,2701.0
1354,2022-03-01,Alaska,3,78.0
1355,2022-03-01,Arizona,4,3294.0
1356,2022-03-01,Arkansas,5,1508.0
1357,2022-03-01,California,6,13223.0
1358,2022-03-01,Colorado,7,1929.0
1359,2022-03-01,Connecticut,8,271.0
1360,2022-03-01,Delaware,9,259.0
1361,2022-03-01,District of Columbia,0,50.0
1362,2022-03-01,Florida,10,8934.0
1363,2022-03-01,Georgia,11,3565.0
1364,2022-03-01,Hawaii,12,65.0
1365,2022-03-01,Idaho,13,369.0
1366,2022-03-01,Illinois,14,2649.0
1367,2022-03-01,Indiana,15,2898.0
1368,2022-03-01,Iowa,16,756.0
1369,2022-03-01,Kansas,17,919.0
1370,2022-03-01,Kentucky,18,4508.0
1371,2022-03-01,Louisiana,19,1690.0
1372,2022-03-01,Maine,20,268.0
1373,2022-03-01,Maryland,21,1400.0
1374,2022-03-01,Massachusetts,22,1069.0
1375,2022-03-01,Michigan,23,3149.0
1376,2022-03-01,Minnesota,24,1378.0
1377,2022-03-01,Mississippi,25,1752.0
1378,2022-03-01,Missouri,26,2062.0
1379,2022-03-01,Montana,27,406.0
1380,2022-03-01,Nebraska,28,444.0
1381,2022-03-01,Nevada,29,1662.0
1382,2022-03-01,New Hampshire,30,139.0
1383,2022-03-01,New Jersey,31,1553.0
1384,2022-03-01,New Mexico,32,780.0
1385,2022-03-01,New York,33,3061.0
1386,2022-03-01,New York City,1,1305.0
1387,2022-03-01,North Carolina,34,4508.0
1388,2022-03-01,North Dakota,35,150.0
1389,2022-03-01,Ohio,36,5010.0
1390,2022-03-01,Oklahoma,37,2677.0
1391,2022-03-01,Oregon,38,1762.0
1392,2022-03-01,Pennsylvania,39,4868.0
1393,2022-03-01,Rhode Island,40,42.0
1394,2022-03-01,South Carolina,41,2457.0
1395,2022-03-01,South Dakota,42,164.0
1396,2022-03-01,Tennessee,43,4536.0
1397,2022-03-01,Texas,44,11402.0
1398,2022-03-01,Utah,45,516.0
1399,2022-03-01,Vermont,46,83.0
1400,2022-03-01,Virginia,47,2878.0
1401,2022-03-01,Washington,48,1919.0
1402,2022-03-01,West Virginia,49,1377.0
1403,2022-03-01,Wisconsin,50,1466.0
1404,2022-03-01,Wyoming,51,66.0
1405,2022-04-01,Alabama,2,411.0
1406,2022-04-01,Alaska,3,20.0
1407,2022-04-01,Arizona,4,720.0
1408,2022-04-01,Arkansas,5,258.0
1409,2022-04-01,California,6,4304.0
1410,2022-04-01,Colorado,7,584.0
1411,2022-04-01,Connecticut,8,228.0
1412,2022-04-01,Delaware,9,49.0
1413,2022-04-01,District of Columbia,0,11.0
1414,2022-04-01,Florida,10,3446.0
1415,2022-04-01,Georgia,11,1100.0
1416,2022-04-01,Hawaii,12,16.0
1417,2022-04-01,Idaho,13,46.0
1418,2022-04-01,Illinois,14,936.0
1419,2022-04-01,Indiana,15,819.0
1420,2022-04-01,Iowa,16,180.0
1421,2022-04-01,Kansas,17,177.0
1422,2022-04-01,Kentucky,18,1314.0
1423,2022-04-01,Louisiana,19,405.0
1424,2022-04-01,Maine,20,98.0
1425,2022-04-01,Maryland,21,671.0
1426,2022-04-01,Massachusetts,22,783.0
1427,2022-04-01,Michigan,23,1407.0
1428,2022-04-01,Minnesota,24,558.0
1429,2022-04-01,Mississippi,25,578.0
1430,2022-04-01,Missouri,26,643.0
1431,2022-04-01,Montana,27,28.0
1432,2022-04-01,Nebraska,28,59.0
1433,2022-04-01,Nevada,29,276.0
1434,2022-04-01,New Hampshire,30,31.0
1435,2022-04-01,New Jersey,31,1049.0
1436,2022-04-01,New Mexico,32,143.0
1437,2022-04-01,New York,33,2451.0
1438,2022-04-01,New York City,1,668.0
1439,2022-04-01,North Carolina,34,1267.0
1440,2022-04-01,North Dakota,35,37.0
1441,2022-04-01,Ohio,36,1977.0
1442,2022-04-01,Oklahoma,37,708.0
1443,2022-04-01,Oregon,38,488.0
1444,2022-04-01,Pennsylvania,39,2196.0
1445,2022-04-01,Rhode Island,40,67.0
1446,2022-04-01,South Carolina,41,507.0
1447,2022-04-01,South Dakota,42,30.0
1448,2022-04-01,Tennessee,43,1136.0
1449,2022-04-01,Texas,44,3602.0
1450,2022-04-01,Utah,45,62.0
1451,2022-04-01,Vermont,46,46.0
1452,2022-04-01,Virginia,47,812.0
1453,2022-04-01,Washington,48,822.0
1454,2022-04-01,West Virginia,49,329.0
1455,2022-04-01,Wisconsin,50,470.0
1456,2022-04-01,Wyoming,51,22.0
1457,2022-05-01,Alabama,2,192.0
1458,2022-05-01,Alaska,3,21.0
1459,2022-05-01,Arizona,4,676.0
1460,2022-05-01,Arkansas,5,163.0
1461,2022-05-01,California,6,4989.0
1462,2022-05-01,Colorado,7,690.0
1463,2022-05-01,Connecticut,8,567.0
1464,2022-05-01,Delaware,9,93.0
1465,2022-05-01,District of Columbia,0,16.0
1466,2022-05-01,Florida,10,3973.0
1467,2022-05-01,Georgia,11,642.0
1468,2022-05-01,Hawaii,12,121.0
1469,2022-05-01,Idaho,13,12.0
1470,2022-05-01,Illinois,14,1698.0
1471,2022-05-01,Indiana,15,782.0
1472,2022-05-01,Iowa,16,309.0
1473,2022-05-01,Kansas,17,173.0
1474,2022-05-01,Kentucky,18,1152.0
1475,2022-05-01,Louisiana,19,179.0
1476,2022-05-01,Maine,20,201.0
1477,2022-05-01,Maryland,21,1037.0
1478,2022-05-01,Massachusetts,22,1577.0
1479,2022-05-01,Michigan,23,2255.0
1480,2022-05-01,Minnesota,24,1189.0
1481,2022-05-01,Mississippi,25,217.0
1482,2022-05-01,Missouri,26,510.0
1483,2022-05-01,Montana,27,63.0
1484,2022-05-01,Nebraska,28,97.0
1485,2022-05-01,Nevada,29,384.0
1486,2022-05-01,New Hampshire,30,95.0
1487,2022-05-01,New Jersey,31,2012.0
1488,2022-05-01,New Mexico,32,129.0
1489,2022-05-01,New York,33,4481.0
1490,2022-05-01,New York City,1,903.0
1491,2022-05-01,North Carolina,34,1641.0
1492,2022-05-01,North Dakota,35,33.0
1493,2022-05-01,Ohio,36,1793.0
1494,2022-05-01,Oklahoma,37,474.0
1495,2022-05-01,Oregon,38,938.0
1496,2022-05-01,Pennsylvania,39,3487.0
1497,2022-05-01,Rhode Island,40,203.0
1498,2022-05-01,South Carolina,41,652.0
1499,2022-05-01,South Dakota,42,0.0
1500,2022-05-01,Tennessee,43,920.0
1501,2022-05-01,Texas,44,2308.0
1502,2022-05-01,Utah,45,37.0
1503,2022-05-01,Vermont,46,91.0
1504,2022-05-01,Virginia,47,1095.0
1505,2022-05-01,Washington,48,1240.0
1506,2022-05-01,West Virginia,49,525.0
1507,2022-05-01,Wisconsin,50,937.0
1508,2022-05-01,Wyoming,51,11.0
1509,2022-06-01,Alabama,2,483.0
1510,2022-06-01,Alaska,3,32.0
1511,2022-06-01,Arizona,4,1390.0
1512,2022-06-01,Arkansas,5,263.0
1513,2022-06-01,California,6,8035.0
1514,2022-06-01,Colorado,7,1240.0
1515,2022-06-01,Connecticut,8,512.0
1516,2022-06-01,Delaware,9,90.0
1517,2022-06-01,District of Columbia,0,15.0
1518,2022-06-01,Florida,10,7753.0
1519,2022-06-01,Georgia,11,1218.0
1520,2022-06-01,Hawaii,12,242.0
1521,2022-06-01,Idaho,13,174.0
1522,2022-06-01,Illinois,14,1977.0
1523,2022-06-01,Indiana,15,1082.0
1524,2022-06-01,Iowa,16,384.0
1525,2022-06-01,Kansas,17,255.0
1526,2022-06-01,Kentucky,18,1616.0
1527,2022-06-01,Louisiana,19,247.0
1528,2022-06-01,Maine,20,121.0
1529,2022-06-01,Maryland,21,1360.0
1530,2022-06-01,Massachusetts,22,1267.0
1531,2022-06-01,Michigan,23,2184.0
1532,2022-06-01,Minnesota,24,1314.0
1533,2022-06-01,Mississippi,25,544.0
1534,2022-06-01,Missouri,26,759.0
1535,2022-06-01,Montana,27,45.0
1536,2022-06-01,Nebraska,28,165.0
1537,2022-06-01,Nevada,29,702.0
1538,2022-06-01,New Hampshire,30,97.0
1539,2022-06-01,New Jersey,31,1539.0
1540,2022-06-01,New Mexico,32,477.0
1541,2022-06-01,New York,33,2668.0
1542,2022-06-01,New York City,1,1056.0
1543,2022-06-01,North Carolina,34,2294.0
1544,2022-06-01,North Dakota,35,18.0
1545,2022-06-01,Ohio,36,2232.0
1546,2022-06-01,Oklahoma,37,709.0
1547,2022-06-01,Oregon,38,1070.0
1548,2022-06-01,Pennsylvania,39,3750.0
1549,2022-06-01,Rhode Island,40,135.0
1550,2022-06-01,South Carolina,41,1026.0
1551,2022-06-01,South Dakota,42,32.0
1552,2022-06-01,Tennessee,43,1233.0
1553,2022-06-01,Texas,44,4018.0
1554,2022-06-01,Utah,45,241.0
1555,2022-06-01,Vermont,46,39.0
1556,2022-06-01,Virginia,47,1436.0
1557,2022-06-01,Washington,48,2065.0
1558,2022-06-01,West Virginia,49,453.0
1559,2022-06-01,Wisconsin,50,836.0
1560,2022-06-01,Wyoming,51,41.0
1561,2022-07-01,Alabama,2,1345.0
1562,2022-07-01,Alaska,3,45.0
1563,2022-07-01,Arizona,4,1682.0
1564,2022-07-01,Arkansas,5,920.0
1565,2022-07-01,California,6,13399.0
1566,2022-07-01,Colorado,7,1513.0
1567,2022-07-01,Connecticut,8,324.0
1568,2022-07-01,Delaware,9,97.0
1569,2022-07-01,District of Columbia,0,17.0
1570,2022-07-01,Florida,10,11149.0
1571,2022-07-01,Georgia,11,2741.0
1572,2022-07-01,Hawaii,12,183.0
1573,2022-07-01,Idaho,13,382.0
1574,2022-07-01,Illinois,14,2365.0
1575,2022-07-01,Indiana,15,1734.0
1576,2022-07-01,Iowa,16,746.0
1577,2022-07-01,Kansas,17,380.0
1578,2022-07-01,Kentucky,18,2380.0
1579,2022-07-01,Louisiana,19,1457.0
1580,2022-07-01,Maine,20,75.0
1581,2022-07-01,Maryland,21,1184.0
1582,2022-07-01,Massachusetts,22,985.0
1583,2022-07-01,Michigan,23,2079.0
1584,2022-07-01,Minnesota,24,1300.0
1585,2022-07-01,Mississippi,25,1634.0
1586,2022-07-01,Missouri,26,1785.0
1587,2022-07-01,Montana,27,163.0
1588,2022-07-01,Nebraska,28,372.0
1589,2022-07-01,Nevada,29,1121.0
1590,2022-07-01,New Hampshire,30,79.0
1591,2022-07-01,New Jersey,31,1970.0
1592,2022-07-01,New Mexico,32,576.0
1593,2022-07-01,New York,33,2667.0
1594,2022-07-01,New York City,1,1431.0
1595,2022-07-01,North Carolina,34,3227.0
1596,2022-07-01,North Dakota,35,72.0
1597,2022-07-01,Ohio,36,3003.0
1598,2022-07-01,Oklahoma,37,1205.0
1599,2022-07-01,Oregon,38,1650.0
1600,2022-07-01,Pennsylvania,39,3354.0
1601,2022-07-01,Rhode Island,40,34.0
1602,2022-07-01,South Carolina,41,1771.0
1603,2022-07-01,South Dakota,42,105.0
1604,2022-07-01,Tennessee,43,2966.0
1605,2022-07-01,Texas,44,8670.0
1606,2022-07-01,Utah,45,408.0
1607,2022-07-01,Vermont,46,30.0
1608,2022-07-01,Virginia,47,1934.0
1609,2022-07-01,Washington,48,2603.0
1610,2022-07-01,West Virginia,49,635.0
1611,2022-07-01,Wisconsin,50,1276.0
1612,2022-07-01,Wyoming,51,33.0
1613,2022-08-01,Alabama,2,1505.0
1614,2022-08-01,Alaska,3,35.0
1615,2022-08-01,Arizona,4,1133.0
1616,2022-08-01,Arkansas,5,1088.0
1617,2022-08-01,California,6,11429.0
1618,2022-08-01,Colorado,7,928.0
1619,2022-08-01,Connecticut,8,564.0
1620,2022-08-01,Delaware,9,144.0
1621,2022-08-01,District of Columbia,0,34.0
1622,2022-08-01,Florida,10,11503.0
1623,2022-08-01,Georgia,11,3567.0
1624,2022-08-01,Hawaii,12,246.0
1625,2022-08-01,Idaho,13,452.0
1626,2022-08-01,Illinois,14,2583.0
1627,2022-08-01,Indiana,15,2363.0
1628,2022-08-01,Iowa,16,904.0
1629,2022-08-01,Kansas,17,685.0
1630,2022-08-01,Kentucky,18,2763.0
1631,2022-08-01,Louisiana,19,1279.0
1632,2022-08-01,Maine,20,160.0
1633,2022-08-01,Maryland,21,1554.0
1634,2022-08-01,Massachusetts,22,1377.0
1635,2022-08-01,Michigan,23,2657.0
1636,2022-08-01,Minnesota,24,1316.0
1637,2022-08-01,Mississippi,25,1435.0
1638,2022-08-01,Missouri,26,1842.0
1639,2022-08-01,Montana,27,127.0
1640,2022-08-01,Nebraska,28,262.0
1641,2022-08-01,Nevada,29,535.0
1642,2022-08-01,New Hampshire,30,92.0
1643,2022-08-01,New Jersey,31,1931.0
1644,2022-08-01,New Mexico,32,297.0
1645,2022-08-01,New York,33,3012.0
1646,2022-08-01,New York City,1,1578.0
1647,2022-08-01,North Carolina,34,3552.0
1648,2022-08-01,North Dakota,35,126.0
1649,2022-08-01,Ohio,36,4652.0
1650,2022-08-01,Oklahoma,37,1871.0
1651,2022-08-01,Oregon,38,1334.0
1652,2022-08-01,Pennsylvania,39,4275.0
1653,2022-08-01,Rhode Island,40,80.0
1654,2022-08-01,South Carolina,41,2131.0
1655,2022-08-01,South Dakota,42,122.0
1656,2022-08-01,Tennessee,43,3164.0
1657,2022-08-01,Texas,44,8957.0
1658,2022-08-01,Utah,45,204.0
1659,2022-08-01,Vermont,46,53.0
1660,2022-08-01,Virginia,47,2375.0
1661,2022-08-01,Washington,48,2094.0
1662,2022-08-01,West Virginia,49,778.0
1663,2022-08-01,Wisconsin,50,1459.0
1664,2022-08-01,Wyoming,51,66.0
1665,2022-09-01,Alabama,2,1053.0
1666,2022-09-01,Alaska,3,17.0
1667,2022-09-01,Arizona,4,928.0
1668,2022-09-01,Arkansas,5,877.0
1669,2022-09-01,California,6,7724.0
1670,2022-09-01,Colorado,7,981.0
1671,2022-09-01,Connecticut,8,581.0
1672,2022-09-01,Delaware,9,118.0
1673,2022-09-01,District of Columbia,0,16.0
1674,2022-09-01,Florida,10,7464.0
1675,2022-09-01,Georgia,11,2295.0
1676,2022-09-01,Hawaii,12,45.0
1677,2022-09-01,Idaho,13,240.0
1678,2022-09-01,Illinois,14,2200.0
1679,2022-09-01,Indiana,15,1729.0
1680,2022-09-01,Iowa,16,758.0
1681,2022-09-01,Kansas,17,389.0
1682,2022-09-01,Kentucky,18,2726.0
1683,2022-09-01,Louisiana,19,993.0
1684,2022-09-01,Maine,20,159.0
1685,2022-09-01,Maryland,21,1489.0
1686,2022-09-01,Massachusetts,22,1171.0
1687,2022-09-01,Michigan,23,2796.0
1688,2022-09-01,Minnesota,24,1227.0
1689,2022-09-01,Mississippi,25,1121.0
1690,2022-09-01,Missouri,26,1566.0
1691,2022-09-01,Montana,27,96.0
1692,2022-09-01,Nebraska,28,228.0
1693,2022-09-01,Nevada,29,179.0
1694,2022-09-01,New Hampshire,30,105.0
1695,2022-09-01,New Jersey,31,1627.0
1696,2022-09-01,New Mexico,32,289.0
1697,2022-09-01,New York,33,3153.0
1698,2022-09-01,New York City,1,1205.0
1699,2022-09-01,North Carolina,34,3075.0
1700,2022-09-01,North Dakota,35,105.0
1701,2022-09-01,Ohio,36,3946.0
1702,2022-09-01,Oklahoma,37,1451.0
1703,2022-09-01,Oregon,38,821.0
1704,2022-09-01,Pennsylvania,39,3871.0
1705,2022-09-01,Rhode Island,40,63.0
1706,2022-09-01,South Carolina,41,1384.0
1707,2022-09-01,South Dakota,42,104.0
1708,2022-09-01,Tennessee,43,2574.0
1709,2022-09-01,Texas,44,5973.0
1710,2022-09-01,Utah,45,153.0
1711,2022-09-01,Vermont,46,61.0
1712,2022-09-01,Virginia,47,1936.0
1713,2022-09-01,Washington,48,1471.0
1714,2022-09-01,West Virginia,49,660.0
1715,2022-09-01,Wisconsin,50,1214.0
1716,2022-09-01,Wyoming,51,25.0
1717,2022-10-01,Alabama,2,531.0
1718,2022-10-01,Alaska,3,11.0
1719,2022-10-01,Arizona,4,710.0
1720,2022-10-01,Arkansas,5,561.0
1721,2022-10-01,California,6,5063.0
1722,2022-10-01,Colorado,7,800.0
1723,2022-10-01,Connecticut,8,816.0
1724,2022-10-01,Delaware,9,70.0
1725,2022-10-01,District of Columbia,0,0.0
1726,2022-10-01,Florida,10,4954.0
1727,2022-10-01,Georgia,11,1451.0
1728,2022-10-01,Hawaii,12,33.0
1729,2022-10-01,Idaho,13,152.0
1730,2022-10-01,Illinois,14,1978.0
1731,2022-10-01,Indiana,15,1323.0
1732,2022-10-01,Iowa,16,463.0
1733,2022-10-01,Kansas,17,390.0
1734,2022-10-01,Kentucky,18,1820.0
1735,2022-10-01,Louisiana,19,510.0
1736,2022-10-01,Maine,20,322.0
1737,2022-10-01,Maryland,21,1220.0
1738,2022-10-01,Massachusetts,22,1905.0
1739,2022-10-01,Michigan,23,3276.0
1740,2022-10-01,Minnesota,24,1732.0
1741,2022-10-01,Mississippi,25,643.0
1742,2022-10-01,Missouri,26,1138.0
1743,2022-10-01,Montana,27,131.0
1744,2022-10-01,Nebraska,28,170.0
1745,2022-10-01,Nevada,29,284.0
1746,2022-10-01,New Hampshire,30,271.0
1747,2022-10-01,New Jersey,31,2079.0
1748,2022-10-01,New Mexico,32,288.0
1749,2022-10-01,New York,33,4083.0
1750,2022-10-01,New York City,1,1441.0
1751,2022-10-01,North Carolina,34,2588.0
1752,2022-10-01,North Dakota,35,33.0
1753,2022-10-01,Ohio,36,3429.0
1754,2022-10-01,Oklahoma,37,994.0
1755,2022-10-01,Oregon,38,883.0
1756,2022-10-01,Pennsylvania,39,4437.0
1757,2022-10-01,Rhode Island,40,84.0
1758,2022-10-01,South Carolina,41,1072.0
1759,2022-10-01,South Dakota,42,115.0
1760,2022-10-01,Tennessee,43,1967.0
1761,2022-10-01,Texas,44,3636.0
1762,2022-10-01,Utah,45,155.0
1763,2022-10-01,Vermont,46,160.0
1764,2022-10-01,Virginia,47,1511.0
1765,2022-10-01,Washington,48,1167.0
1766,2022-10-01,West Virginia,49,502.0
1767,2022-10-01,Wisconsin,50,1168.0
1768,2022-10-01,Wyoming,51,28.0
1769,2022-11-01,Alabama,2,504.0
1770,2022-11-01,Alaska,3,0.0
1771,2022-11-01,Arizona,4,1980.0
1772,2022-11-01,Arkansas,5,451.0
1773,2022-11-01,California,6,7051.0
1774,2022-11-01,Colorado,7,1797.0
1775,2022-11-01,Connecticut,8,504.0
1776,2022-11-01,Delaware,9,110.0
1777,2022-11-01,District of Columbia,0,28.0
1778,2022-11-01,Florida,10,3924.0
1779,2022-11-01,Georgia,11,1128.0
1780,2022-11-01,Hawaii,12,58.0
1781,2022-11-01,Idaho,13,191.0
1782,2022-11-01,Illinois,14,1940.0
1783,2022-11-01,Indiana,15,1386.0
1784,2022-11-01,Iowa,16,435.0
1785,2022-11-01,Kansas,17,489.0
1786,2022-11-01,Kentucky,18,2073.0
1787,2022-11-01,Louisiana,19,341.0
1788,2022-11-01,Maine,20,186.0
1789,2022-11-01,Maryland,21,1283.0
1790,2022-11-01,Massachusetts,22,1331.0
1791,2022-11-01,Michigan,23,3149.0
1792,2022-11-01,Minnesota,24,2053.0
1793,2022-11-01,Mississippi,25,372.0
1794,2022-11-01,Missouri,26,1072.0
1795,2022-11-01,Montana,27,144.0
1796,2022-11-01,Nebraska,28,541.0
1797,2022-11-01,Nevada,29,709.0
1798,2022-11-01,New Hampshire,30,242.0
1799,2022-11-01,New Jersey,31,2243.0
1800,2022-11-01,New Mexico,32,514.0
1801,2022-11-01,New York,33,3859.0
1802,2022-11-01,New York City,1,1912.0
1803,2022-11-01,North Carolina,34,2257.0
1804,2022-11-01,North Dakota,35,35.0
1805,2022-11-01,Ohio,36,3901.0
1806,2022-11-01,Oklahoma,37,782.0
1807,2022-11-01,Oregon,38,784.0
1808,2022-11-01,Pennsylvania,39,4544.0
1809,2022-11-01,Rhode Island,40,126.0
1810,2022-11-01,South Carolina,41,819.0
1811,2022-11-01,South Dakota,42,96.0
1812,2022-11-01,Tennessee,43,2072.0
1813,2022-11-01,Texas,44,3112.0
1814,2022-11-01,Utah,45,359.0
1815,2022-11-01,Vermont,46,120.0
1816,2022-11-01,Virginia,47,1150.0
1817,2022-11-01,Washington,48,1212.0
1818,2022-11-01,West Virginia,49,450.0
1819,2022-11-01,Wisconsin,50,1813.0
1820,2022-11-01,Wyoming,51,74.0
1821,2022-12-01,Alabama,2,1002.0
1822,2022-12-01,Alaska,3,0.0
1823,2022-12-01,Arizona,4,3665.0
1824,2022-12-01,Arkansas,5,806.0
1825,2022-12-01,California,6,14223.0
1826,2022-12-01,Colorado,7,1851.0
1827,2022-12-01,Connecticut,8,1146.0
1828,2022-12-01,Delaware,9,148.0
1829,2022-12-01,District of Columbia,0,88.0
1830,2022-12-01,Florida,10,5440.0
1831,2022-12-01,Georgia,11,2050.0
1832,2022-12-01,Hawaii,12,40.0
1833,2022-12-01,Idaho,13,189.0
1834,2022-12-01,Illinois,14,3140.0
1835,2022-12-01,Indiana,15,2770.0
1836,2022-12-01,Iowa,16,1252.0
1837,2022-12-01,Kansas,17,872.0
1838,2022-12-01,Kentucky,18,2630.0
1839,2022-12-01,Louisiana,19,771.0
1840,2022-12-01,Maine,20,152.0
1841,2022-12-01,Maryland,21,1903.0
1842,2022-12-01,Massachusetts,22,2092.0
1843,2022-12-01,Michigan,23,3365.0
1844,2022-12-01,Minnesota,24,1874.0
1845,2022-12-01,Mississippi,25,871.0
1846,2022-12-01,Missouri,26,1923.0
1847,2022-12-01,Montana,27,70.0
1848,2022-12-01,Nebraska,28,614.0
1849,2022-12-01,Nevada,29,1051.0
1850,2022-12-01,New Hampshire,30,206.0
1851,2022-12-01,New Jersey,31,3177.0
1852,2022-12-01,New Mexico,32,879.0
1853,2022-12-01,New York,33,4850.0
1854,2022-12-01,New York City,1,3023.0
1855,2022-12-01,North Carolina,34,2812.0
1856,2022-12-01,North Dakota,35,78.0
1857,2022-12-01,Ohio,36,4769.0
1858,2022-12-01,Oklahoma,37,1457.0
1859,2022-12-01,Oregon,38,1500.0
1860,2022-12-01,Pennsylvania,39,4749.0
1861,2022-12-01,Rhode Island,40,216.0
1862,2022-12-01,South Carolina,41,1769.0
1863,2022-12-01,South Dakota,42,95.0
1864,2022-12-01,Tennessee,43,2107.0
1865,2022-12-01,Texas,44,6780.0
1866,2022-12-01,Utah,45,411.0
1867,2022-12-01,Vermont,46,44.0
1868,2022-12-01,Virginia,47,2108.0
1869,2022-12-01,Washington,48,2325.0
1870,2022-12-01,West Virginia,49,528.0
1871,2022-12-01,Wisconsin,50,1973.0
1872,2022-12-01,Wyoming,51,35.0
1873,2023-01-01,Alabama,2,1682.0
1874,2023-01-01,Alaska,3,11.0
1875,2023-01-01,Arizona,4,1642.0
1876,2023-01-01,Arkansas,5,1105.0
1877,2023-01-01,California,6,11447.0
1878,2023-01-01,Colorado,7,1421.0
1879,2023-01-01,Connecticut,8,1094.0
1880,2023-01-01,Delaware,9,291.0
1881,2023-01-01,District of Columbia,0,36.0
1882,2023-01-01,Florida,10,8024.0
1883,2023-01-01,Georgia,11,3518.0
1884,2023-01-01,Hawaii,12,93.0
1885,2023-01-01,Idaho,13,180.0
1886,2023-01-01,Illinois,14,2921.0
1887,2023-01-01,Indiana,15,1898.0
1888,2023-01-01,Iowa,16,639.0
1889,2023-01-01,Kansas,17,751.0
1890,2023-01-01,Kentucky,18,2639.0
1891,2023-01-01,Louisiana,19,1025.0
1892,2023-01-01,Maine,20,216.0
1893,2023-01-01,Maryland,21,2374.0
1894,2023-01-01,Massachusetts,22,2974.0
1895,2023-01-01,Michigan,23,2809.0
1896,2023-01-01,Minnesota,24,1768.0
1897,2023-01-01,Mississippi,25,1335.0
1898,2023-01-01,Missouri,26,1806.0
1899,2023-01-01,Montana,27,144.0
1900,2023-01-01,Nebraska,28,396.0
1901,2023-01-01,Nevada,29,610.0
1902,2023-01-01,New Hampshire,30,397.0
1903,2023-01-01,New Jersey,31,3395.0
1904,2023-01-01,New Mexico,32,438.0
1905,2023-01-01,New York,33,4744.0
1906,2023-01-01,New York City,1,2650.0
1907,2023-01-01,North Carolina,34,4863.0
1908,2023-01-01,North Dakota,35,46.0
1909,2023-01-01,Ohio,36,4699.0
1910,2023-01-01,Oklahoma,37,1847.0
1911,2023-01-01,Oregon,38,1059.0
1912,2023-01-01,Pennsylvania,39,5759.0
1913,2023-01-01,Rhode Island,40,196.0
1914,2023-01-01,South Carolina,41,3190.0
1915,2023-01-01,South Dakota,42,40.0
1916,2023-01-01,Tennessee,43,3310.0
1917,2023-01-01,Texas,44,9325.0
1918,2023-01-01,Utah,45,144.0
1919,2023-01-01,Vermont,46,50.0
1920,2023-01-01,Virginia,47,3228.0
1921,2023-01-01,Washington,48,1578.0
1922,2023-01-01,West Virginia,49,704.0
1923,2023-01-01,Wisconsin,50,1315.0
1924,2023-01-01,Wyoming,51,30.0
1925,2023-02-01,Alabama,2,887.0
1926,2023-02-01,Alaska,3,23.0
1927,2023-02-01,Arizona,4,737.0
1928,2023-02-01,Arkansas,5,493.0
1929,2023-02-01,California,6,6347.0
1930,2023-02-01,Colorado,7,566.0
1931,2023-02-01,Connecticut,8,543.0
1932,2023-02-01,Delaware,9,170.0
1933,2023-02-01,District of Columbia,0,17.0
1934,2023-02-01,Florida,10,5277.0
1935,2023-02-01,Georgia,11,1831.0
1936,2023-02-01,Hawaii,12,33.0
1937,2023-02-01,Idaho,13,73.0
1938,2023-02-01,Illinois,14,1446.0
1939,2023-02-01,Indiana,15,1081.0
1940,2023-02-01,Iowa,16,486.0
1941,2023-02-01,Kansas,17,289.0
1942,2023-02-01,Kentucky,18,1703.0
1943,2023-02-01,Louisiana,19,510.0
1944,2023-02-01,Maine,20,127.0
1945,2023-02-01,Maryland,21,1461.0
1946,2023-02-01,Massachusetts,22,1447.0
1947,2023-02-01,Michigan,23,1872.0
1948,2023-02-01,Minnesota,24,1260.0
1949,2023-02-01,Mississippi,25,856.0
1950,2023-02-01,Missouri,26,891.0
1951,2023-02-01,Montana,27,44.0
1952,2023-02-01,Nebraska,28,208.0
1953,2023-02-01,Nevada,29,182.0
1954,2023-02-01,New Hampshire,30,172.0
1955,2023-02-01,New Jersey,31,2159.0
1956,2023-02-01,New Mexico,32,138.0
1957,2023-02-01,New York,33,3021.0
1958,2023-02-01,New York City,1,912.0
1959,2023-02-01,North Carolina,34,2446.0
1960,2023-02-01,North Dakota,35,44.0
1961,2023-02-01,Ohio,36,2337.0
1962,2023-02-01,Oklahoma,37,987.0
1963,2023-02-01,Oregon,38,537.0
1964,2023-02-01,Pennsylvania,39,3677.0
1965,2023-02-01,Rhode Island,40,59.0
1966,2023-02-01,South Carolina,41,1389.0
1967,2023-02-01,South Dakota,42,155.0
1968,2023-02-01,Tennessee,43,1920.0
1969,2023-02-01,Texas,44,5143.0
1970,2023-02-01,Utah,45,35.0
1971,2023-02-01,Vermont,46,52.0
1972,2023-02-01,Virginia,47,1703.0
1973,2023-02-01,Washington,48,1405.0
1974,2023-02-01,West Virginia,49,499.0
1975,2023-02-01,Wisconsin,50,972.0
1976,2023-02-01,Wyoming,51,12.0
1977,2023-03-01,Alabama,2,428.0
1978,2023-03-01,Alaska,3,0.0
1979,2023-03-01,Arizona,4,973.0
1980,2023-03-01,Arkansas,5,148.0
1981,2023-03-01,California,6,5882.0
1982,2023-03-01,Colorado,7,715.0
1983,2023-03-01,Connecticut,8,244.0
1984,2023-03-01,Delaware,9,83.0
1985,2023-03-01,District of Columbia,0,0.0
1986,2023-03-01,Florida,10,3562.0
1987,2023-03-01,Georgia,11,1232.0
1988,2023-03-01,Hawaii,12,16.0
1989,2023-03-01,Idaho,13,235.0
1990,2023-03-01,Illinois,14,1775.0
1991,2023-03-01,Indiana,15,1208.0
1992,2023-03-01,Iowa,16,493.0
1993,2023-03-01,Kansas,17,383.0
1994,2023-03-01,Kentucky,18,1285.0
1995,2023-03-01,Louisiana,19,362.0
1996,2023-03-01,Maine,20,211.0
1997,2023-03-01,Maryland,21,1036.0
1998,2023-03-01,Massachusetts,22,751.0
1999,2023-03-01,Michigan,23,1810.0
2000,2023-03-01,Minnesota,24,1359.0
2001,2023-03-01,Mississippi,25,436.0
2002,2023-03-01,Missouri,26,835.0
2003,2023-03-01,Montana,27,81.0
2004,2023-03-01,Nebraska,28,333.0
2005,2023-03-01,Nevada,29,260.0
2006,2023-03-01,New Hampshire,30,75.0
2007,2023-03-01,New Jersey,31,1252.0
2008,2023-03-01,New Mexico,32,145.0
2009,2023-03-01,New York,33,2492.0
2010,2023-03-01,New York City,1,456.0
2011,2023-03-01,North Carolina,34,1667.0
2012,2023-03-01,North Dakota,35,77.0
2013,2023-03-01,Ohio,36,2705.0
2014,2023-03-01,Oklahoma,37,1011.0
2015,2023-03-01,Oregon,38,638.0
2016,2023-03-01,Pennsylvania,39,3116.0
2017,2023-03-01,Rhode Island,40,32.0
2018,2023-03-01,South Carolina,41,732.0
2019,2023-03-01,South Dakota,42,65.0
2020,2023-03-01,Tennessee,43,1345.0
2021,2023-03-01,Texas,44,3615.0
2022,2023-03-01,Utah,45,138.0
2023,2023-03-01,Vermont,46,14.0
2024,2023-03-01,Virginia,47,870.0
2025,2023-03-01,Washington,48,1122.0
2026,2023-03-01,West Virginia,49,323.0
2027,2023-03-01,Wisconsin,50,1027.0
2028,2023-03-01,Wyoming,51,24.0
2029,2023-04-01,Alabama,2,103.0
2030,2023-04-01,Alaska,3,0.0
2031,2023-04-01,Arizona,4,356.0
2032,2023-04-01,Arkansas,5,61.0
2033,2023-04-01,California,6,1969.0
2034,2023-04-01,Colorado,7,413.0
2035,2023-04-01,Connecticut,8,51.0
2036,2023-04-01,Delaware,9,33.0
2037,2023-04-01,District of Columbia,0,0.0
2038,2023-04-01,Florida,10,1676.0
2039,2023-04-01,Georgia,11,158.0
2040,2023-04-01,Hawaii,12,11.0
2041,2023-04-01,Idaho,13,25.0
2042,2023-04-01,Illinois,14,889.0
2043,2023-04-01,Indiana,15,278.0
2044,2023-04-01,Iowa,16,218.0
2045,2023-04-01,Kansas,17,93.0
2046,2023-04-01,Kentucky,18,246.0
2047,2023-04-01,Louisiana,19,14.0
2048,2023-04-01,Maine,20,35.0
2049,2023-04-01,Maryland,21,218.0
2050,2023-04-01,Massachusetts,22,219.0
2051,2023-04-01,Michigan,23,762.0
2052,2023-04-01,Minnesota,24,692.0
2053,2023-04-01,Mississippi,25,136.0
2054,2023-04-01,Missouri,26,404.0
2055,2023-04-01,Montana,27,25.0
2056,2023-04-01,Nebraska,28,92.0
2057,2023-04-01,Nevada,29,33.0
2058,2023-04-01,New Hampshire,30,17.0
2059,2023-04-01,New Jersey,31,357.0
2060,2023-04-01,New Mexico,32,57.0
2061,2023-04-01,New York,33,1026.0
2062,2023-04-01,New York City,1,140.0
2063,2023-04-01,North Carolina,34,447.0
2064,2023-04-01,North Dakota,35,11.0
2065,2023-04-01,Ohio,36,968.0
2066,2023-04-01,Oklahoma,37,108.0
2067,2023-04-01,Oregon,38,123.0
2068,2023-04-01,Pennsylvania,39,1107.0
2069,2023-04-01,Rhode Island,40,15.0
2070,2023-04-01,South Carolina,41,170.0
2071,2023-04-01,South Dakota,42,11.0
2072,2023-04-01,Tennessee,43,466.0
2073,2023-04-01,Texas,44,1322.0
2074,2023-04-01,Utah,45,0.0
2075,2023-04-01,Vermont,46,13.0
2076,2023-04-01,Virginia,47,375.0
2077,2023-04-01,Washington,48,582.0
2078,2023-04-01,West Virginia,49,53.0
2079,2023-04-01,Wisconsin,50,361.0
2080,2023-04-01,Wyoming,51,0.0
